busRouteId,rtNm,term,firstTm,lastTm,routeType,observedStId,mkTm
100000024,새벽A160,0,20260917055800,20260917055800,3,100000388,2026-09-17 15:52:10.0
100000025,동대문A01,75,20260917100500,20260917172000,3,105000127,2026-09-17 15:52:30.0
100000026,청계A01,30,20260917192000,20260917232600,5,100000078,2026-09-17 15:52:50.0
100000027,서대문A01,25,20260917093100,20260917164100,3,112000173,2026-09-17 15:52:30.0
100000028,새벽A741,0,20260917035900,20260918035900,3,100000388,2026-09-17 15:52:00.0
100100001,01A,9,20260917065700,20260917232300,5,100000023,2026-09-17 15:52:20.0
100100006,101,8,20260917052000,20260918001400,3,100000388,2026-09-17 15:52:15.0
100100007,102,11,20260917040000,20260917230900,3,110000110,2026-09-17 15:52:22.0
100100008,103,9,20260917052900,20260918000100,3,100000388,2026-09-17 15:51:58.0
100100009,104,8,20260917043700,20260917234200,3,100000102,2026-09-17 15:52:28.0
100100010,105,11,20260917050900,20260917235100,3,101000043,2026-09-17 15:52:15.0
100100012,107,12,20260917055300,20260918001300,3,100000102,2026-09-17 15:52:27.0
100100014,109,12,20260917051100,20260918000600,3,100000023,2026-09-17 15:52:24.0
100100015,110B국민대,9,20260917055600,20260918003500,3,107000061,2026-09-17 15:51:59.0
100100016,110A고려대,9,20260917040700,20260917224700,3,107000029,2026-09-17 15:52:23.0
100100017,120,6,20260917052800,20260918001500,3,105000030,2026-09-17 15:52:07.0
100100018,130,8,20260917061600,20260918004500,3,107000061,2026-09-17 15:52:17.0
100100019,140,7,20260917052600,20260918001300,3,121000003,2026-09-17 15:52:05.0
100100020,141,11,20260917062500,20260918005200,3,107000061,2026-09-17 15:52:17.0
100100021,142,9,20260917051600,20260918000500,3,121000019,2026-09-17 15:52:10.0
100100022,143,6,20260917061500,20260918004300,3,100000388,2026-09-17 15:52:16.0
100100023,144,8,20260917063800,20260918010000,3,107000061,2026-09-17 15:52:14.0
100100024,145,8,20260917060500,20260918004700,3,105000058,2026-09-17 15:52:19.0
100100025,146,7,20260917042200,20260917231800,3,110000084,2026-09-17 15:52:29.0
100100026,147,9,20260917060400,20260918002200,3,105000030,2026-09-17 15:52:14.0
100100027,148,8,20260917045300,20260917233700,3,121000019,2026-09-17 15:52:14.0
100100029,150,8,20260917070800,20260918011000,3,100000388,2026-09-17 15:52:17.0
100100030,151,7,20260917054600,20260918002800,3,101000043,2026-09-17 15:52:17.0
100100031,152,7,20260917063700,20260918011700,3,101000043,2026-09-17 15:52:17.0
100100032,163,7,20260917050300,20260917233300,3,112000010,2026-09-17 15:52:17.0
100100033,160,8,20260917065200,20260918005800,3,100000388,2026-09-17 15:52:15.0
100100034,162,8,20260917052300,20260918002000,3,101000043,2026-09-17 15:52:15.0
100100036,171,9,20260917052100,20260918002600,3,112000010,2026-09-17 15:52:14.0
100100037,172,11,20260917053900,20260918002300,3,112000010,2026-09-17 15:51:55.0
100100038,201,15,20260917053900,20260918013000,3,100000388,2026-09-17 15:52:16.0
100100039,202,8,20260917053800,20260917234900,3,101000043,2026-09-17 15:52:17.0
100100042,260,10,20260917053500,20260918002600,3,100000388,2026-09-17 15:52:10.0
100100043,261,9,20260917060600,20260918004200,3,101000043,2026-09-17 15:52:17.0
100100044,262,10,20260917060900,20260918001800,3,100000388,2026-09-17 15:52:16.0
100100046,270,10,20260917043800,20260917230000,3,100000388,2026-09-17 15:52:13.0
100100047,271,6,20260917064100,20260918005800,3,100000388,2026-09-17 15:52:17.0
100100048,272,6,20260917053400,20260918000200,3,112000010,2026-09-17 15:52:13.0
100100049,273,7,20260917055600,20260918002200,3,100000388,2026-09-17 15:52:05.0
100100051,301,7,20260917055600,20260918003100,3,123000065,2026-09-17 15:52:16.0
100100052,302,12,20260917053100,20260918002700,3,103000030,2026-09-17 15:52:36.0
100100053,303,9,20260917054600,20260918001800,3,104000052,2026-09-17 15:52:22.0
100100055,340,7,20260917065500,20260918013400,3,124000209,2026-09-17 15:52:22.0
100100056,341,12,20260917064900,20260918003800,3,123000065,2026-09-17 15:52:16.0
100100057,360,6,20260917044300,20260917234600,3,121000019,2026-09-17 15:52:10.0
100100061,370,5,20260917053100,20260918002400,3,100000388,2026-09-17 15:52:13.0
100100062,401,11,20260917051300,20260917235000,3,101000043,2026-09-17 15:52:15.0
100100063,402,9,20260917041200,20260918002100,3,122000318,2026-09-17 15:52:22.0
100100064,406,11,20260917045100,20260917234800,3,101000043,2026-09-17 15:52:00.0
100100068,420,9,20260917045300,20260917235900,3,105000030,2026-09-17 15:52:15.0
100100070,441,12,20260917061700,20260918001800,3,121000003,2026-09-17 15:52:07.0
100100071,461,11,20260917064800,20260918005300,3,121000172,2026-09-17 15:52:23.0
100100073,470,10,20260917044000,20260917232100,3,100000388,2026-09-17 15:52:09.0
100100075,472,9,20260917050700,20260918001800,3,112000033,2026-09-17 15:52:29.0
100100076,500,9,20260917050900,20260918000800,3,101000043,2026-09-17 15:52:15.0
100100077,501,10,20260917050800,20260917230900,3,100000388,2026-09-17 15:51:52.0
100100078,503,14,20260917045400,20260917225700,3,118000003,2026-09-17 15:52:07.0
100100079,504,7,20260917050100,20260917234800,3,101000043,2026-09-17 15:52:02.0
100100080,505,11,20260917044600,20260917230500,3,117000003,2026-09-17 15:52:17.0
100100081,506,15,20260917061100,20260918001000,3,120000036,2026-09-17 15:52:23.0
100100082,507,9,20260917063100,20260918012500,3,117000098,2026-09-17 15:52:15.0
100100083,540,16,20260917060200,20260918011400,3,121000019,2026-09-17 15:52:08.0
100100084,571,11,20260917052600,20260917233500,3,111000095,2026-09-17 15:52:20.0
100100085,600,8,20260917043300,20260918000200,3,118000003,2026-09-17 15:52:23.0
100100086,601,12,20260917045000,20260917233700,3,112000010,2026-09-17 15:52:10.0
100100087,602,9,20260917045600,20260917232700,3,113000422,2026-09-17 15:52:15.0
100100088,603,10,20260917050100,20260917234000,3,113000422,2026-09-17 15:52:06.0
100100089,604,11,20260917042800,20260917232200,3,113000422,2026-09-17 15:52:14.0
100100090,605,10,20260917065500,20260918012100,3,115000070,2026-09-17 15:52:12.0
100100091,606,14,20260917051200,20260917234500,3,112000010,2026-09-17 15:52:08.0
100100093,640,10,20260917054200,20260918000700,3,121000019,2026-09-17 15:52:17.0
100100094,641,6,20260917044500,20260917232000,3,120000036,2026-09-17 15:52:24.0
100100096,643,10,20260917055400,20260918000900,3,121000019,2026-09-17 15:51:56.0
100100097,650,10,20260917055200,20260918003400,3,114000064,2026-09-17 15:52:14.0
100100098,651,11,20260917051200,20260917235400,3,120000053,2026-09-17 15:52:24.0
100100099,652,10,20260917060000,20260918003900,3,115000053,2026-09-17 15:52:13.0
100100102,661,16,20260917045000,20260917233100,3,115000053,2026-09-17 15:52:20.0
100100103,701,14,20260917045000,20260917234900,3,101000043,2026-09-17 15:52:13.0
100100104,702A,9,20260917043200,20260917230600,3,112000398,2026-09-17 15:52:10.0
100100105,702B,16,20260917050000,20260917233300,3,112000398,2026-09-17 15:52:07.0
100100107,704,16,20260917045500,20260917232600,3,101000043,2026-09-17 15:52:16.0
100100110,710,9,20260917040700,20260917230200,3,112000010,2026-09-17 15:52:14.0
100100111,720,8,20260917044900,20260917235600,3,100000388,2026-09-17 15:52:12.0
100100112,721,9,20260917045700,20260917231600,3,100000388,2026-09-17 15:52:16.0
100100114,750A,10,20260917055700,20260917233200,3,112000010,2026-09-17 15:52:16.0
100100116,742,11,20260917042800,20260917224000,3,112000010,2026-09-17 15:52:13.0
100100117,752,11,20260917041700,20260917223800,3,112000398,2026-09-17 15:52:10.0
100100118,753,12,20260917065000,20260918010900,3,111000095,2026-09-17 15:52:20.0
100100124,0017,13,20260917052200,20260917233500,4,102000210,2026-09-17 15:52:23.0
100100129,1014,8,20260917051400,20260917235400,4,107000209,2026-09-17 15:52:20.0
100100130,1017,15,20260917053000,20260918002200,4,107000061,2026-09-17 15:52:12.0
100100131,1020,9,20260917050500,20260917235300,4,100000023,2026-09-17 15:52:12.0
100100132,1111,10,20260917052400,20260918003200,4,107000061,2026-09-17 15:52:13.0
100100133,1113,15,20260917051700,20260917234500,4,107000029,2026-09-17 15:52:10.0
100100134,1114,15,20260917050800,20260917235800,4,107000029,2026-09-17 15:52:20.0
100100137,1119,8,20260917053500,20260918002200,4,109000058,2026-09-17 15:52:17.0
100100138,1120,15,20260917052500,20260917235400,4,108000056,2026-09-17 15:52:37.0
100100139,1124,14,20260917051300,20260918004700,4,108000156,2026-09-17 15:52:20.0
100100142,1126,8,20260917044700,20260918001200,4,109000041,2026-09-17 15:52:17.0
100100143,1127,14,20260917055100,20260918000100,4,109000041,2026-09-17 15:52:22.0
100100144,1128,12,20260917051800,20260917233500,4,107000061,2026-09-17 15:52:13.0
100100145,1129,25,20260917051000,20260917233800,4,110000110,2026-09-17 15:52:20.0
100100146,1130,9,20260917050600,20260918001400,4,110000230,2026-09-17 15:52:29.0
100100147,1131,17,20260917053500,20260918001700,4,107000057,2026-09-17 15:52:23.0
100100148,1132,8,20260917043900,20260917235800,4,107000057,2026-09-17 15:52:20.0
100100149,1133,12,20260917053100,20260918000700,4,110000230,2026-09-17 15:52:10.0
100100150,1135,10,20260917043900,20260917234700,4,107000057,2026-09-17 15:52:14.0
100100151,1136,15,20260917050700,20260918000800,4,107000057,2026-09-17 15:52:19.0
100100152,1137,11,20260917051700,20260917235600,4,108000156,2026-09-17 15:52:20.0
100100153,1138,15,20260917043800,20260917234900,4,110000110,2026-09-17 15:52:17.0
100100154,1139,13,20260917054200,20260918003800,4,110000084,2026-09-17 15:52:21.0
100100155,1140,21,20260917055100,20260918004400,4,110000230,2026-09-17 15:52:17.0
100100156,1141,16,20260917052900,20260918001900,4,107000057,2026-09-17 15:52:10.0
100100157,1142,8,20260917051200,20260918001000,4,110000110,2026-09-17 15:52:19.0
100100158,1143,13,20260917054300,20260918002900,4,106000199,2026-09-17 15:52:15.0
100100159,1144,14,20260917053400,20260918003700,4,110000084,2026-09-17 15:52:27.0
100100164,1154,15,20260917043700,20260917232900,4,110000110,2026-09-17 15:51:55.0
100100166,2212,14,20260917042400,20260917225500,4,106000199,2026-09-17 15:52:17.0
100100170,1162,10,20260917051000,20260917234500,4,107000209,2026-09-17 15:52:00.0
100100171,1164,6,20260917050400,20260917234400,4,107000029,2026-09-17 15:52:20.0
100100172,1165,8,20260917051700,20260918001700,4,108000082,2026-09-17 15:52:23.0
100100175,1213,12,20260917052100,20260918002200,4,105000030,2026-09-17 15:52:00.0
100100177,1218,11,20260917052000,20260917235500,4,105000058,2026-09-17 15:52:24.0
100100178,1221,20,20260917045200,20260917234700,4,106000199,2026-09-17 15:52:13.0
100100179,1222,10,20260917044400,20260918000200,4,105000030,2026-09-17 15:52:13.0
100100181,1224,7,20260917053700,20260918001800,4,105000030,2026-09-17 15:52:14.0
100100183,1226,36,20260917051000,20260917225900,4,105000195,2026-09-17 15:52:30.0
100100184,1227,10,20260917053200,20260918001800,4,105000030,2026-09-17 15:52:16.0
100100185,1711,7,20260917054300,20260918001500,4,100000023,2026-09-17 15:52:14.0
100100186,2012,11,20260917063500,20260918005600,4,106000241,2026-09-17 15:52:14.0
100100188,2013,13,20260917052600,20260917235300,4,105000058,2026-09-17 15:52:24.0
100100189,2014,12,20260917044200,20260917235000,4,103000078,2026-09-17 15:52:31.0
100100190,2015,8,20260917062300,20260918005900,4,106000241,2026-09-17 15:52:08.0
100100191,2112,14,20260917044100,20260917225400,4,105000058,2026-09-17 15:52:17.0
100100192,2113,10,20260917070300,20260918005400,4,106000241,2026-09-17 15:52:17.0
100100193,2114,12,20260917070200,20260918005800,4,106000241,2026-09-17 15:52:17.0
100100194,2211,6,20260917050100,20260917234600,4,105000058,2026-09-17 15:52:21.0
100100198,2221,11,20260917055600,20260918004500,4,104000052,2026-09-17 15:52:07.0
100100199,2222,15,20260917053800,20260918002100,4,103000030,2026-09-17 15:52:45.0
100100201,2224,13,20260917041300,20260917231900,4,103000078,2026-09-17 15:51:52.0
100100202,2227,11,20260917060000,20260918002000,4,104000020,2026-09-17 15:52:43.0
100100203,2230,8,20260917052500,20260918000300,4,105000030,2026-09-17 15:52:17.0
100100204,2233,15,20260917044100,20260917225400,4,105000058,2026-09-17 15:52:15.0
100100209,2412,13,20260917050500,20260917234500,4,122000318,2026-09-17 15:52:19.0
100100210,2413,15,20260917041400,20260917231400,4,103000078,2026-09-17 15:52:21.0
100100211,2415,16,20260917052400,20260918001600,4,123000065,2026-09-17 15:52:12.0
100100212,3212,14,20260917043000,20260917232900,4,124000209,2026-09-17 15:52:13.0
100100213,3214,13,20260917044500,20260917232700,4,123000212,2026-09-17 15:52:15.0
100100215,3216,13,20260917054400,20260917235400,4,105000030,2026-09-17 15:52:01.0
100100216,3217,9,20260917054000,20260918003200,4,123000065,2026-09-17 15:51:56.0
100100218,3220,17,20260917053600,20260917235000,4,105000030,2026-09-17 15:52:08.0
100100219,3313,8,20260917045500,20260917235600,4,123000043,2026-09-17 15:53:12.0
100100220,3314,10,20260917052500,20260918000100,4,123000065,2026-09-17 15:52:03.0
100100221,3315,7,20260917045000,20260917233400,4,123000212,2026-09-17 15:52:31.0
100100222,3316,12,20260917045900,20260917233900,4,123000212,2026-09-17 15:52:27.0
100100223,3411,11,20260917053900,20260918002000,4,123000065,2026-09-17 15:52:08.0
100100224,3412,14,20260917054900,20260918002400,4,123000065,2026-09-17 15:52:16.0
100100225,3413,9,20260917042000,20260917230000,4,124000209,2026-09-17 15:52:22.0
100100226,3414,13,20260917060200,20260918002000,4,123000065,2026-09-17 15:51:54.0
100100228,3416,12,20260917052200,20260918001400,4,122000318,2026-09-17 15:52:19.0
100100229,3417,7,20260917052100,20260918001900,4,123000065,2026-09-17 15:52:12.0
100100232,3422,13,20260917054900,20260918000100,4,123000065,2026-09-17 15:52:10.0
100100234,4212,8,20260917054100,20260918003700,4,121000019,2026-09-17 15:52:15.0
100100237,4318,8,20260917063000,20260918010500,4,121000019,2026-09-17 15:52:08.0
100100246,4432,12,20260917041800,20260917233600,4,121000213,2026-09-17 15:52:23.0
100100247,4433,9,20260917054100,20260917233100,4,122000247,2026-09-17 15:52:27.0
100100248,5012,12,20260917055200,20260918001800,4,114000064,2026-09-17 15:51:58.0
100100249,5413,7,20260917055500,20260918003100,4,117000098,2026-09-17 15:52:21.0
100100250,5511,7,20260917061500,20260918001500,4,120000036,2026-09-17 15:52:23.0
100100251,5513,9,20260917060300,20260918000100,4,120000036,2026-09-17 15:52:15.0
100100252,5515,9,20260917055800,20260917235300,4,120000036,2026-09-17 15:52:20.0
100100253,5516,9,20260917061400,20260918001800,4,120000053,2026-09-17 15:52:24.0
100100254,5517,13,20260917055900,20260918000500,4,120000036,2026-09-17 15:52:14.0
100100255,5519,14,20260917060900,20260917233200,4,120000053,2026-09-17 15:52:15.0
100100257,5522A난곡,13,20260917051400,20260917234400,4,120000053,2026-09-17 15:52:20.0
100100258,5522B호암,13,20260917055600,20260918002500,4,120000009,2026-09-17 15:53:00.0
100100259,5523,14,20260917050000,20260917234700,4,120000009,2026-09-17 15:53:00.0
100100260,5524,8,20260917043200,20260917230900,4,120000036,2026-09-17 15:52:12.0
100100261,5525,17,20260917054000,20260918000600,4,117000098,2026-09-17 15:52:14.0
100100263,5528,12,20260917045800,20260917232400,4,120000053,2026-09-17 15:52:20.0
100100264,5530,12,20260917053400,20260917232900,4,117000003,2026-09-17 15:52:17.0
100100265,5531,7,20260917051200,20260917232100,4,117000003,2026-09-17 15:52:15.0
100100266,5634,13,20260917042100,20260917225800,4,117000003,2026-09-17 15:52:17.0
100100267,5535,8,20260917043500,20260917225600,4,117000003,2026-09-17 15:52:01.0
100100268,5536,12,20260917045100,20260917231900,4,119000013,2026-09-17 15:52:30.0
100100269,5537,15,20260917044500,20260917234200,4,117000119,2026-09-17 15:52:40.0
100100272,5615,10,20260917043800,20260917233400,4,118000003,2026-09-17 15:52:19.0
100100273,5616,16,20260917054000,20260917233600,4,114000064,2026-09-17 15:52:12.0
100100274,5617,10,20260917045800,20260917235900,4,117000003,2026-09-17 15:52:00.0
100100275,5618,11,20260917040900,20260917225200,4,117000003,2026-09-17 15:52:16.0
100100276,5619,11,20260917053800,20260918002100,4,117000098,2026-09-17 15:52:22.0
100100277,5620,8,20260917055900,20260918004000,4,117000098,2026-09-17 15:52:16.0
100100278,5621,8,20260917054100,20260918001000,4,117000098,2026-09-17 15:52:20.0
100100279,5623,8,20260917050000,20260917231900,4,117000003,2026-09-17 15:52:15.0
100100281,5625,11,20260917043000,20260917231200,4,117000003,2026-09-17 15:52:07.0
100100282,5626,12,20260917043400,20260917230100,4,117000003,2026-09-17 15:52:16.0
100100283,5627,18,20260917051500,20260918001800,4,117000003,2026-09-17 15:52:10.0
100100284,5630,14,20260917042700,20260917230100,4,117000003,2026-09-17 15:52:10.0
100100285,5633,14,20260917063700,20260918004800,4,117000098,2026-09-17 15:52:20.0
100100286,5712,9,20260917054900,20260917235500,4,113000422,2026-09-17 15:52:14.0
100100287,5713,9,20260917043200,20260917225400,4,117000003,2026-09-17 15:52:10.0
100100288,5714,8,20260917051700,20260917231900,4,113000422,2026-09-17 15:52:17.0
100100289,6211,11,20260917070400,20260918010700,4,114000064,2026-09-17 15:52:16.0
100100290,6411,12,20260917053600,20260918000400,4,121000019,2026-09-17 15:52:07.0
100100291,6511,20,20260917050100,20260917235800,4,120000036,2026-09-17 15:52:05.0
100100292,6512,10,20260917040700,20260917224800,4,118000003,2026-09-17 15:52:21.0
100100293,6713,11,20260917053800,20260917232800,4,113000422,2026-09-17 15:52:16.0
100100294,6514,13,20260917070100,20260918010100,4,114000267,2026-09-17 15:52:12.0
100100295,5611,17,20260917044800,20260917235200,4,116000016,2026-09-17 15:52:30.0
100100297,6614,15,20260917062300,20260918003900,4,114000267,2026-09-17 15:52:14.0
100100298,6616,16,20260917044700,20260917232700,4,116000117,2026-09-17 15:52:26.0
100100299,6617,12,20260917060900,20260918004300,4,114000267,2026-09-17 15:52:01.0
100100300,6620,15,20260917063600,20260918010100,4,114000267,2026-09-17 15:52:02.0
100100301,6623,14,20260917055800,20260918003200,4,114000267,2026-09-17 15:52:08.0
100100302,6624,9,20260917053100,20260918000700,4,114000064,2026-09-17 15:52:13.0
100100303,6625,14,20260917051800,20260917234600,4,115000053,2026-09-17 15:52:21.0
100100304,6627,14,20260917061100,20260918003500,4,114000267,2026-09-17 15:52:12.0
100100305,6628,7,20260917051200,20260918002600,4,114000064,2026-09-17 15:52:07.0
100100306,6629,12,20260917061500,20260918001700,4,114000064,2026-09-17 15:51:58.0
100100307,6630,16,20260917053100,20260918001000,4,114000064,2026-09-17 15:52:16.0
100100308,6631,9,20260917062600,20260918010100,4,115000070,2026-09-17 15:52:24.0
100100309,6632,11,20260917060900,20260918004100,4,115000070,2026-09-17 15:52:14.0
100100312,6637,8,20260917050600,20260917234500,4,118000003,2026-09-17 15:52:22.0
100100313,6638,13,20260917051400,20260917234700,4,114000064,2026-09-17 15:52:01.0
100100316,6642,12,20260917063100,20260918002600,4,115000070,2026-09-17 15:52:21.0
100100318,6645,14,20260917061900,20260918000900,4,115000070,2026-09-17 15:52:23.0
100100320,6647,8,20260917061000,20260918001300,4,115000070,2026-09-17 15:52:22.0
100100329,6657,20,20260917062100,20260918002600,4,114000267,2026-09-17 15:51:55.0
100100330,6712,14,20260917053000,20260917233500,4,113000422,2026-09-17 15:52:17.0
100100331,6714,17,20260917051000,20260917233800,4,112000010,2026-09-17 15:51:59.0
100100332,6715,8,20260917052300,20260918001200,4,113000450,2026-09-17 15:52:05.0
100100337,7017,10,20260917052700,20260918001800,4,101000043,2026-09-17 15:52:07.0
100100338,7018,10,20260917050000,20260917234400,4,100000023,2026-09-17 15:52:22.0
100100339,7019,11,20260917052300,20260917235000,4,112000398,2026-09-17 15:52:15.0
100100340,7021,9,20260917052400,20260918000000,4,101000043,2026-09-17 15:52:12.0
100100341,7022,11,20260917052100,20260918000400,4,101000043,2026-09-17 15:52:10.0
100100342,7024,16,20260917060000,20260917235400,4,112000033,2026-09-17 15:52:24.0
100100344,7211,9,20260917052800,20260918003200,4,107000061,2026-09-17 15:52:17.0
100100345,7611,12,20260917061800,20260918005500,4,111000002,2026-09-17 15:52:23.0
100100346,7612,10,20260917052900,20260918003900,4,113000422,2026-09-17 15:52:10.0
100100347,7613,15,20260917063200,20260918005100,4,111000095,2026-09-17 15:52:10.0
100100348,7711,12,20260917045000,20260918002000,4,113000422,2026-09-17 15:52:10.0
100100349,7713,12,20260917054500,20260918000900,4,112000010,2026-09-17 15:52:07.0
100100352,7720,12,20260917043400,20260917231100,4,111000095,2026-09-17 15:52:24.0
100100353,7722,13,20260917053500,20260918004900,4,111000025,2026-09-17 15:52:14.0
100100354,7723,13,20260917044900,20260918002100,4,111000025,2026-09-17 15:52:34.0
100100357,7726,21,20260917053000,20260918002800,4,111000005,2026-09-17 15:52:44.0
100100358,7727,12,20260917055100,20260918001900,4,112000010,2026-09-17 15:52:17.0
100100359,7728,13,20260917052500,20260917233400,4,112000010,2026-09-17 15:52:15.0
100100360,7730,10,20260917061500,20260918004000,4,111000002,2026-09-17 15:52:19.0
100100363,7737,11,20260917053300,20260917234100,4,113000422,2026-09-17 15:52:10.0
100100364,7738,8,20260917060700,20260918002400,4,111000002,2026-09-17 15:52:24.0
100100373,6101,200,20260917093600,20260917215300,1,109000058,2026-09-17 15:52:30.0
100100383,8541,20,20260917050800,20260917054100,4,121000019,2026-09-17 15:52:00.0
100100387,8774,23,20260917043400,20260917230200,4,111000095,2026-09-17 15:52:10.0
100100389,9401,5,20260917053000,20260918000700,6,101000043,2026-09-17 15:52:17.0
100100391,9404,7,20260917051400,20260918004300,6,121000003,2026-09-17 15:52:16.0
100100392,9408,15,20260917050600,20260918000100,6,121000019,2026-09-17 15:52:13.0
100100400,9707,12,20260917054100,20260918003900,6,113000428,2026-09-17 15:53:13.0
100100407,240,13,20260917065700,20260918012300,3,106000241,2026-09-17 15:52:16.0
100100409,421,9,20260917072000,20260918013300,3,121000003,2026-09-17 15:52:17.0
100100410,502,11,20260917062200,20260918010600,3,119000286,2026-09-17 15:52:28.0
100100412,6001,13,20260917053200,20260917224700,1,161000535,2026-09-17 15:52:10.0
100100413,6002,16,20260917062900,20260917231100,1,161000535,2026-09-17 15:52:00.0
100100414,6003,20,20260917064700,20260917230700,1,161000535,2026-09-17 15:51:58.0
100100415,6004,35,20260917064400,20260917203700,1,161000535,2026-09-17 15:52:10.0
100100416,6005,130,20260917070500,20260917211500,1,161000535,2026-09-17 15:52:05.0
100100417,6008,55,20260917074400,20260917223500,1,161000535,2026-09-17 15:52:00.0
100100418,6011,25,20260917052500,20260917225000,1,161000535,2026-09-17 15:52:02.0
100100419,6012,50,20260917065000,20260917213800,1,161000535,2026-09-17 15:51:54.0
100100420,6013,30,20260917055400,20260917223400,1,161000535,2026-09-17 15:52:10.0
100100421,6014,45,20260917060700,20260917225100,1,161000535,2026-09-17 15:52:10.0
100100422,6015,13,20260917051600,20260917225400,1,161000535,2026-09-17 15:52:09.0
100100423,6016,60,20260917062400,20260917224600,1,161000535,2026-09-17 15:52:10.0
100100425,1122,9,20260917044400,20260918001400,4,106000199,2026-09-17 15:52:26.0
100100427,4319,10,20260917050700,20260917234400,4,123000065,2026-09-17 15:52:14.0
100100437,771,24,20260917055100,20260918010700,3,111000002,2026-09-17 15:52:21.0
100100438,3011,11,20260917055300,20260918003000,4,122000247,2026-09-17 15:52:38.0
100100440,700,14,20260917054700,20260918011400,3,112000010,2026-09-17 15:52:12.0
100100446,7025,19,20260917044200,20260917234900,4,112000398,2026-09-17 15:52:16.0
100100447,7016,9,20260917045100,20260917225500,4,113000422,2026-09-17 15:52:08.0
100100448,7013B,22,20260917045300,20260917231800,4,113000450,2026-09-17 15:52:07.0
100100449,7013A,22,20260917043900,20260917230700,4,113000450,2026-09-17 15:52:10.0
100100450,7011,12,20260917061900,20260918005200,4,113000014,2026-09-17 15:52:34.0
100100451,6716,11,20260917052600,20260917232200,4,113000422,2026-09-17 15:52:10.0
100100453,6613,17,20260917062400,20260918002600,4,114000267,2026-09-17 15:52:10.0
100100454,361,12,20260917045600,20260917233400,3,121000019,2026-09-17 15:52:09.0
100100459,440,11,20260917055400,20260918004000,3,121000003,2026-09-17 15:52:17.0
100100462,7715,10,20260917051600,20260918001000,4,111000095,2026-09-17 15:52:15.0
100100478,3317,10,20260917043400,20260917233300,4,123000212,2026-09-17 15:52:30.0
100100495,672,15,20260917053000,20260917234800,3,112000010,2026-09-17 15:52:10.0
100100496,333,11,20260917050100,20260918000600,3,123000065,2026-09-17 15:52:14.0
100100497,653,16,20260917043900,20260917232700,3,115000053,2026-09-17 15:52:13.0
100100498,3318,12,20260917043000,20260917231000,4,124000209,2026-09-17 15:52:19.0
100100499,7212,12,20260917050100,20260917232300,4,100000388,2026-09-17 15:52:13.0
100100500,4312,10,20260917043300,20260917225400,4,122000264,2026-09-17 15:52:31.0
100100501,3319,17,20260917051000,20260918001400,4,123000046,2026-09-17 15:52:28.0
100100506,6006,65,20260917060100,20260917224600,1,161000535,2026-09-17 15:51:52.0
100100507,6009,25,20260917052000,20260917224900,1,161000535,2026-09-17 15:52:02.0
100100508,6300,40,20260917052400,20260917224700,1,161000535,2026-09-17 15:52:10.0
100100509,6020,60,20260917055000,20260917221500,1,161000535,2026-09-17 15:52:10.0
100100511,760,17,20260917065300,20260918011100,3,111000002,2026-09-17 15:52:23.0
100100513,6100,15,20260917061700,20260917225600,1,161000535,2026-09-17 15:51:52.0
100100521,6515,10,20260917072500,20260918011800,4,114000267,2026-09-17 15:52:09.0
100100522,2016,11,20260917071800,20260918013400,4,106000241,2026-09-17 15:52:17.0
100100525,8772,0,20260917080500,20260917170800,4,111000025,2026-09-17 15:52:30.0
100100533,6017,28,20260917062400,20260917230700,1,161000535,2026-09-17 15:52:12.0
100100537,740,12,20260917042400,20260917230900,3,113000080,2026-09-17 15:52:24.0
100100538,6018,110,20260917064800,20260917221900,1,161000535,2026-09-17 15:52:06.0
100100549,100,10,20260917060000,20260918003500,3,101000043,2026-09-17 15:52:16.0
100100550,662,12,20260917044300,20260917234700,3,118000003,2026-09-17 15:52:12.0
100100551,673,16,20260917054900,20260918000700,3,112000010,2026-09-17 15:52:08.0
100100552,7739,12,20260917053800,20260917235800,4,113000422,2026-09-17 15:52:00.0
100100553,350,12,20260917063200,20260918010500,3,123000065,2026-09-17 15:52:10.0
100100564,320,9,20260917055300,20260918005100,3,104000052,2026-09-17 15:52:21.0
100100565,750B,6,20260917041500,20260917220200,3,112000010,2026-09-17 15:52:15.0
100100566,1115,13,20260917055200,20260918002200,4,108000082,2026-09-17 15:52:20.0
100100567,6701,33,20260917072100,20260917220500,1,161000535,2026-09-17 15:52:00.0
100100570,6705A,40,20260917045700,20260917231200,1,161000535,2026-09-17 15:52:00.0
100100572,6703,53,20260917081000,20260917223300,1,161000535,2026-09-17 15:52:05.0
100100573,6702,40,20260917071300,20260917224600,1,161000535,2026-09-17 15:51:40.0
100100574,541,15,20260917053900,20260918005300,3,121000003,2026-09-17 15:52:14.0
100100576,6516,17,20260917051800,20260918005600,4,114000267,2026-09-17 15:52:14.0
100100578,3321,14,2026091700,2026091700,4,124000001,2026-09-17 15:52:51.0
100100579,3420,12,20260917050900,20260917234000,4,121000019,2026-09-17 15:52:17.0
100100583,121,8,20260917043300,20260917230700,3,105000030,2026-09-17 15:52:14.0
100100584,6010,70,20260917054200,20260917224700,1,161000535,2026-09-17 15:52:06.0
100100587,705,16,20260917043800,20260917234500,3,112000398,2026-09-17 15:52:03.0
100100595,241,10,20260917062300,20260918005700,3,105000030,2026-09-17 15:52:16.0
100100596,400,11,20260917053200,20260917235100,3,101000043,2026-09-17 15:52:07.0
100100597,405,15,20260917041000,20260917224100,3,122000264,2026-09-17 15:52:30.0
100100598,2115,8,20260917042500,20260918003700,4,105000030,2026-09-17 15:52:12.0
100100599,2311,13,2026091700,2026091700,4,105000030,2021-03-27 03:19:30.0
100100601,6640A,14,20260917053600,20260918001600,4,114000267,2026-09-17 15:52:17.0
100100602,6640B,14,20260917054100,20260918001900,4,114000267,2026-09-17 15:52:15.0
100100604,4211,13,20260917035600,20260917230000,4,122000264,2026-09-17 15:52:20.0
100100605,463,10,20260917040000,20260917221800,3,122000264,2026-09-17 15:52:30.0
100100607,9711,12,20260917060600,20260918004600,6,121000003,2026-09-17 15:51:58.0
100100609,4425,16,20260917045600,20260917233000,4,122000318,2026-09-17 15:52:20.0
100100611,2312B,16,20260917053200,20260917213800,4,106000241,2026-09-17 15:52:00.0
100100612,3426,10,20260917043400,20260917231700,4,122000318,2026-09-17 15:52:20.0
100100613,3322,11,20260917044400,20260918000800,4,123000065,2026-09-17 15:52:17.0
101000009,새벽A148,0,20260917044500,20260917044500,3,121000019,2026-09-17 15:52:00.0
101000010,새벽A504,0,20260917033200,20260918033200,3,117000003,2026-09-17 15:52:10.0
101900003,동작A01,23,20260917072900,20260917131000,3,119000073,2026-09-17 15:52:50.0
102000001,서울07출근,18,2026091700,2026091700,3,121000003,2026-09-17 15:52:10.0
103000001,8441,16,20260917070100,20260917090400,4,122000318,2026-09-17 15:52:20.0
104000006,242,14,20260917062500,20260918010600,3,106000241,2026-09-17 15:51:59.0
104000009,111,22,20260917061100,20260918002300,3,107000061,2026-09-17 15:52:16.0
104000010,2416,16,20260917070000,20260918010300,4,106000241,2026-09-17 15:52:06.0
104000012,0411,14,20260917062100,20260918002600,4,121000019,2026-09-17 15:52:08.0
104000013,3324,13,20260917042100,20260917232000,4,124000209,2026-09-17 15:52:14.0
104000014,040,15,20260917065000,20260918005900,3,119000013,2026-09-17 15:52:12.0
106000001,8221,9,2026091700,2026091700,4,105000127,2026-09-17 15:52:40.0
106000004,01B,14,20260917090400,20260917223800,5,101000054,2026-09-17 15:52:50.0
106000005,서울07퇴근,20,20260917182000,20260917185900,3,121000214,2026-09-17 15:53:10.0
106000006,8442퇴근,60,2026091700,2026091700,4,121000003,2026-09-17 15:52:10.0
106000007,8333,17,20260917065400,20260917085100,4,124000209,2026-09-17 15:52:20.0
107000001,1116,18,20260917053700,20260918000600,4,108000082,2026-09-17 15:52:10.0
107000002,343,15,20260917051900,20260918000000,3,122000096,2026-09-17 15:52:35.0
107000003,8002,25,2026091700,2026091700,4,100000008,2026-09-17 15:52:30.0
107000004,8003,40,2026091700,2026091700,4,100900047,2026-09-17 15:52:30.0
107000005,9409,25,20260917065200,20260918010100,6,121000003,2026-09-17 15:52:02.0
107000006,서울01출근,18,20260917075800,20260917083100,6,121000004,2026-09-17 15:53:00.0
107000007,1112,12,20260917050900,20260918000500,4,107000061,2026-09-17 15:51:56.0
107000008,422,18,20260917061500,20260918005700,3,104000052,2026-09-17 15:52:22.0
107000009,8111,18,20260917070000,20260917094800,4,100000008,2026-09-17 15:52:30.0
107000010,서울01퇴근,20,20260917182300,20260917184100,6,121000003,2026-09-17 15:52:10.0
108000001,8551,9,20260917071100,20260917090400,4,119000024,2026-09-17 15:53:10.0
108000002,1167,10,20260917050100,20260917234300,4,110000084,2026-09-17 15:52:30.0
109000002,서울05출근,15,20260917065800,20260917074400,3,109000405,2026-09-17 15:52:30.0
109000003,서울10출근,18,20260917070800,20260917075600,3,109000405,2026-09-17 15:52:40.0
109000004,서울05퇴근,20,2026091700,2026091700,3,109000406,2026-09-17 15:53:10.0
109000005,서울06퇴근,20,20260917183400,20260917185400,6,121000003,2026-09-17 15:52:10.0
109000006,서울10퇴근,20,2026091700,2026091700,3,109000002,2026-09-17 15:53:10.0
110000002,173,11,20260917054400,20260918003700,3,101000043,2026-09-17 15:52:14.0
110000004,8146,5,20260917040300,20260917041900,3,110000084,2026-09-17 15:52:20.0
110000005,8101,10,20260917081200,20260917090800,4,100000388,2026-09-17 15:52:10.0
110000006,8112,15,20260917063000,20260917091500,4,110000110,2026-09-17 15:52:20.0
110000007,서울09출근,18,20260917073400,20260917082400,3,110000110,2026-09-17 15:52:20.0
110000008,서울09퇴근,20,2026091700,2026091700,3,110000111,2026-09-17 15:53:10.0
110000009,2155,10,20260917050200,20260917234200,4,107000057,2026-09-17 15:52:09.0
111000008,674,13,20260917045100,20260917233500,3,112000010,2026-09-17 15:51:56.0
111000009,8771,11,20260917070600,20260917090400,4,111000045,2026-09-17 15:52:40.0
111000010,7734,9,20260917050700,20260918001000,4,113000422,2026-09-17 15:52:09.0
111000014,761,10,20260917053200,20260918005200,3,113000422,2026-09-17 15:52:15.0
111000019,2236,13,20260917072700,20260918004800,4,106000241,2026-09-17 15:52:16.0
111000020,서울03출근,23,20260917065400,20260917073400,6,113000129,2026-09-17 15:53:00.0
111000021,서울04출근,15,20260917070100,20260917074700,3,115000040,2026-09-17 15:53:10.0
111000022,707,13,20260917052000,20260918002400,3,112000398,2026-09-17 15:52:15.0
111000023,서울08출근,18,20260917072600,20260917075200,3,111000005,2026-09-17 15:52:40.0
111000024,서울03퇴근,20,20260917181900,20260917183900,6,113000468,2026-09-17 15:52:30.0
111000025,서울04퇴근,20,2026091700,2026091700,3,115000039,2026-09-17 15:52:30.0
111000026,서울08퇴근,20,20260917182400,20260917184200,3,111000002,2026-09-17 15:52:10.0
111000027,706,14,20260917043200,20260917233800,3,112000398,2026-09-17 15:51:54.0
111000028,709,12,20260917050900,20260917234900,3,112000398,2026-09-17 15:52:06.0
111000029,8775퇴근,20,20260917164600,20260917202700,4,113000450,2026-09-17 15:52:10.0
112000001,8777,23,20260917101600,20260917201400,4,113000014,2026-09-17 15:52:30.0
112000003,8773출근,32,20260917063600,20260917071400,4,113000422,2026-09-17 15:52:00.0
112000005,7716,17,20260917063500,20260917230400,4,113000422,2026-09-17 15:51:54.0
112000006,8762퇴근,14,20260917175400,20260917202300,4,113000450,2026-09-17 15:52:10.0
112000007,8773퇴근,32,20260917180500,20260917184700,4,113000422,2026-09-17 15:52:10.0
113000002,452,12,20260917052400,20260918001700,3,121000019,2026-09-17 15:52:17.0
113000003,8762출근,16,20260917065800,20260917100200,4,113000450,2026-09-17 15:52:20.0
113000004,9401-1,15,20260917065400,20260917233400,6,102000067,2026-09-17 15:52:58.0
113000005,서울06출근,18,20260917064900,20260917071700,6,121000004,2026-09-17 15:53:00.0
113000007,8775출근,15,20260917063300,20260917101200,4,113000450,2026-09-17 15:52:20.0
114000002,8641,5,20260917060300,20260917060800,4,121000019,2026-09-17 15:52:10.0
114000003,8671,18,20260917063900,20260917091800,4,118000003,2026-09-17 15:52:20.0
115000005,6648,13,20260917052400,20260917235600,4,114000153,2026-09-17 15:52:16.0
115000006,6019,50,20260917064600,20260917223900,1,161000535,2026-09-17 15:51:51.0
115000007,654,12,20260917053200,20260917235300,3,119000013,2026-09-17 15:52:19.0
115000009,N6002,90,20260917004100,20260918005100,1,161000535,2026-09-17 15:52:10.0
115000011,서울02출근,10,20260917064500,20260917083600,3,115000948,2026-09-17 15:52:40.0
115000012,6633,18,20260917071300,20260918000500,4,114000064,2026-09-17 15:52:05.0
115000013,서울02퇴근,20,2026091700,2026091700,3,115000948,2026-09-17 15:52:30.0
115000014,6611,16,20260917064900,20260917230100,4,115000070,2026-09-17 15:52:20.0
116000001,8552,10,20260917071700,20260917090900,4,120000016,2026-09-17 15:53:10.0
116000002,6615,18,20260917052700,20260917235900,4,114000267,2026-09-17 15:51:55.0
116000004,660,15,20260917043900,20260917231200,3,118000003,2026-09-17 15:52:17.0
116000005,8561,12,20260917064500,20260917093200,4,118000068,2026-09-17 15:52:50.0
116000006,703,20,20260917054100,20260917234100,3,112000398,2026-09-17 15:52:13.0
120000003,8661,18,20260917065000,20260917092200,4,116000044,2026-09-17 15:53:10.0
121000002,8442출근,27,20260917065400,20260917080200,4,121000213,2026-09-17 15:52:20.0
122000001,4435,15,20260917042700,20260917234200,4,121000213,2026-09-17 15:52:15.0
122000002,6102,40,20260917055700,20260917221100,1,161000535,2026-09-17 15:51:52.0
122000004,N6701,100,20260917011400,20260918011400,1,161000535,2026-09-17 15:52:00.0
122000006,N6703,80,20260917000000,20260918000000,1,161000535,2026-09-17 15:52:00.0
122000011,6104,330,20260917065600,20260917182500,1,161000535,2026-09-17 15:52:00.0
122000012,6100-1,105,20260917064900,20260917212600,1,161000535,2026-09-17 15:52:00.0
123000002,6600,190,20260917073500,20260917211100,1,161000535,2026-09-17 15:52:10.0
123000010,741,10,20260917043300,20260917232500,3,100000388,2026-09-17 15:52:14.0
123000011,708,12,20260917050200,20260917235200,3,112000398,2026-09-17 15:52:01.0
123000014,6500,350,20260917071600,20260917203000,1,161000535,2026-09-17 15:52:00.0
123000021,한강버스(동부압구정),120,2026091700,2026091700,14,118000622,2026-09-17 15:52:38.0
123000023,한강버스(서부),60,2026091700,2026091700,14,118000622,2026-09-17 15:52:38.0
123000024,한강버스(동부옥수),120,2026091700,2026091700,14,118000622,2026-09-17 15:52:38.0
124000006,6200,40,20260917054900,20260917230400,1,161000535,2026-09-17 15:52:13.0
124000008,7719,25,20260917043200,20260917231200,4,111000045,2026-09-17 15:52:40.0
124000010,8331,11,20260917071900,20260917091900,4,123000212,2026-09-17 15:52:30.0
124000013,6103,58,20260917052700,20260917223000,1,161000535,2026-09-17 15:52:00.0
124000014,6007,35,20260917063700,20260917225000,1,161000535,2026-09-17 15:52:00.0
124000016,N6000,70,2026091700,2026091700,1,161000535,2026-09-17 15:52:10.0
124000036,345,12,20260917051600,20260918000300,3,121000019,2026-09-17 15:52:14.0
124000038,342,11,20260917054700,20260918002000,3,123000065,2026-09-17 15:52:06.0
124000039,3323,15,20260917043000,20260917224100,4,124000209,2026-09-17 15:52:17.0
124000040,8332,22,20260917061900,20260917091500,4,124000001,2026-09-17 15:52:40.0
