출발역,도착역,line_ids,근거
용산,이촌,1063,용산~이촌은 경의중앙선 운행 구간 (파일은 경부선 101 로 표기)
청량리,회기,1001;1063,경원선 청량리~회기는 1호선과 경의중앙선이 함께 운행
외대앞,신이문,1001,경원선 회기 이북은 1호선 운행 구간 (코드 103 은 물리 선로 기준)
신이문,석계,1001,경원선 회기 이북은 1호선 운행 구간 (코드 103 은 물리 선로 기준)
석계,광운대,1001,경원선 회기 이북은 1호선 운행 구간 (코드 103 은 물리 선로 기준)
광운대,월계,1001,경원선 회기 이북은 1호선 운행 구간 (코드 103 은 물리 선로 기준)
월계,녹천,1001,경원선 회기 이북은 1호선 운행 구간 (코드 103 은 물리 선로 기준)
녹천,창동,1001,경원선 회기 이북은 1호선 운행 구간 (코드 103 은 물리 선로 기준)
창동,방학,1001,경원선 회기 이북은 1호선 운행 구간 (코드 103 은 물리 선로 기준)
방학,도봉,1001,경원선 회기 이북은 1호선 운행 구간 (코드 103 은 물리 선로 기준)
도봉,도봉산,1001,경원선 회기 이북은 1호선 운행 구간 (코드 103 은 물리 선로 기준)
도봉산,망월사,1001,경원선 회기 이북은 1호선 운행 구간 (코드 103 은 물리 선로 기준)
망월사,회룡,1001,경원선 회기 이북은 1호선 운행 구간 (코드 103 은 물리 선로 기준)
회룡,의정부,1001,경원선 회기 이북은 1호선 운행 구간 (코드 103 은 물리 선로 기준)
의정부,가능,1001,경원선 회기 이북은 1호선 운행 구간 (코드 103 은 물리 선로 기준)
가능,녹양,1001,경원선 회기 이북은 1호선 운행 구간 (코드 103 은 물리 선로 기준)
녹양,양주,1001,경원선 회기 이북은 1호선 운행 구간 (코드 103 은 물리 선로 기준)
양주,덕계,1001,경원선 회기 이북은 1호선 운행 구간 (코드 103 은 물리 선로 기준)
덕정,지행,1001,경원선 회기 이북은 1호선 운행 구간 (코드 103 은 물리 선로 기준)
지행,동두천중앙,1001,경원선 회기 이북은 1호선 운행 구간 (코드 103 은 물리 선로 기준)
동두천중앙,보산,1001,경원선 회기 이북은 1호선 운행 구간 (코드 103 은 물리 선로 기준)
보산,동두천,1001,경원선 회기 이북은 1호선 운행 구간 (코드 103 은 물리 선로 기준)
동두천,소요산,1001,경원선 회기 이북은 1호선 운행 구간 (코드 103 은 물리 선로 기준)
