line_id,mps,근거
1063,9.9,"경의중앙선 문산~용문 약 3시간(180분, 코레일톡 경의중앙선 전철시간표 안내) / KTDB 링크 경로 106.9 km → 9.9 m/s"
1075,10.9,"수인분당선 청량리~인천 2시간 43분(163분, 나무위키 수도권 전철 수인·분당선 — 공식 공표값 없음, 2026-09 열람) / KTDB 106.9 km → 10.9 m/s"
1067,16.4,"경춘선 일반열차 춘천~상봉 82.5분(춘천시 교통포털 경춘선 복선전철 주요역간 소요시간) / KTDB 81.3 km → 16.4 m/s"
1081,19.4,"경강선 판교~여주 48분(코레일 보도자료 2016-09-24 판교~여주 개통) / KTDB 56.0 km → 19.4 m/s"
1093,11.6,"서해선 일산~원시 1시간 8분(68분, 철도경제신문 2023-08 일산 연장 기사) / KTDB 47.2 km → 11.6 m/s"
1065,16.3,"공항철도 일반열차 서울역~인천공항2터미널 66분(공항철도 시간표·요금 안내) / KTDB 64.4 km → 16.3 m/s"
1077,14.0,"신분당선 광교~강남 37분(2016-01-30 정자~광교 연장 개통 보도, 서울시정일보) / KTDB 강남~광교 경로 31.1 km → 14.0 m/s"
1092,8.0,"우이신설선 북한산우이~신설동 13개 역 23분(서울시 love.seoul.go.kr 우이신설선 소개) / KTDB 11.0 km → 8.0 m/s"
1094,7.8,"신림선 샛강~관악산 16분(서울시 보도자료 2022-05-24 신림선 개통) / KTDB 7.5 km → 7.8 m/s"
