station_id,name,codes,source
150,서울,1001:0150;1004:0426;1065:A01;1063:1251,timetable
151,시청,1001:0151;1002:0201,timetable
152,종각,1001:0152,timetable
153,종로3가,1001:0153;1003:0319;1005:2535,timetable
154,종로5가,1001:0154,timetable
155,동대문,1001:0155;1004:0421,timetable
156,신설동,1001:0156;1002:0246;1092:S122,timetable
157,제기동,1001:0157,timetable
158,청량리,1001:0158;1075:;1067:1014;1063:1014,timetable
159,동묘앞,1001:0159;1006:2637,timetable
200,까치산,1002:0200;1005:2519,timetable
202,을지로입구,1002:0202,timetable
203,을지로3가,1002:0203;1003:0320,timetable
204,을지로4가,1002:0204;1005:2536,timetable
205,동대문역사문화공원,1002:0205;1004:0422;1005:2537,timetable
206,신당,1002:0206;1006:2636,timetable
207,상왕십리,1002:0207,timetable
208,왕십리,1002:0208;1005:2541;1075:1013;1063:1013,timetable
209,한양대,1002:0209,timetable
210,뚝섬,1002:0210,timetable
211,성수,1002:0211,timetable
212,건대입구,1002:0212;1007:2729,timetable
213,구의,1002:0213,timetable
214,강변,1002:0214,timetable
215,잠실나루,1002:0215,timetable
216,잠실,1002:0216;1008:2815,timetable
217,잠실새내,1002:0217,timetable
218,종합운동장,1002:0218;1009:4130,timetable
219,삼성,1002:0219,timetable
220,선릉,1002:0220;1075:1023,timetable
221,역삼,1002:0221,timetable
222,강남,1002:0222;1077:D007,timetable
223,교대,1002:0223;1003:0330,timetable
224,서초,1002:0224,timetable
225,방배,1002:0225,timetable
226,사당,1002:0226;1004:0433,timetable
227,낙성대,1002:0227,timetable
228,서울대입구,1002:0228,timetable
229,봉천,1002:0229,timetable
230,신림,1002:0230;1094:S408,timetable
231,신대방,1002:0231,timetable
232,구로디지털단지,1002:0232,timetable
233,대림,1002:0233;1007:2746,timetable
234,신도림,1001:1007;1002:0234,timetable
235,문래,1002:0235,timetable
236,영등포구청,1002:0236;1005:2524,timetable
237,당산,1002:0237;1009:4113,timetable
238,합정,1002:0238;1006:2623,timetable
239,홍대입구,1002:0239;1065:A03;1063:1264,timetable
240,신촌,1002:0240,timetable
241,이대,1002:0241,timetable
242,아현,1002:0242,timetable
243,충정로,1002:0243;1005:2532,timetable
244,용답,1002:0244,timetable
245,신답,1002:0245,timetable
247,도림천,1002:0247,timetable
248,양천구청,1002:0248,timetable
249,신정네거리,1002:0249,timetable
250,용두,1002:0250,timetable
309,지축,1003:0309,timetable
310,구파발,1003:0310,timetable
311,연신내,1003:0311;1006:2615,timetable
312,불광,1003:0312;1006:2613,timetable
313,녹번,1003:0313,timetable
314,홍제,1003:0314,timetable
315,무악재,1003:0315,timetable
316,독립문,1003:0316,timetable
317,경복궁,1003:0317,timetable
318,안국,1003:0318,timetable
321,충무로,1003:0321;1004:0423,timetable
322,동대입구,1003:0322,timetable
323,약수,1003:0323;1006:2634,timetable
324,금호,1003:0324,timetable
325,옥수,1003:0325;1063:1011,timetable
326,압구정,1003:0326,timetable
327,신사,1003:0327;1077:D004,timetable
328,잠원,1003:0328,timetable
329,고속터미널,1003:0329;1007:2736;1009:4123,timetable
331,남부터미널,1003:0331,timetable
332,양재,1003:0332;1077:D008,timetable
333,매봉,1003:0333,timetable
334,도곡,1003:0334;1075:1025,timetable
335,대치,1003:0335,timetable
336,학여울,1003:0336,timetable
337,대청,1003:0337,timetable
338,일원,1003:0338,timetable
339,수서,1003:0339;1075:1030,timetable
340,가락시장,1003:0340;1008:2818,timetable
341,경찰병원,1003:0341,timetable
342,오금,1003:0342;1005:2558,timetable
405,진접,1004:0405,timetable
406,오남,1004:0406,timetable
408,별내별가람,1004:0408,timetable
409,불암산,1004:0409,timetable
410,상계,1004:0410,timetable
411,노원,1004:0411;1007:2715,timetable
412,창동,1001:1022;1004:0412,timetable
413,쌍문,1004:0413,timetable
414,수유,1004:0414,timetable
415,미아,1004:0415,timetable
416,미아사거리,1004:0416,timetable
417,길음,1004:0417,timetable
418,성신여대입구,1004:0418;1092:S120,timetable
419,한성대입구,1004:0419,timetable
420,혜화,1004:0420,timetable
424,명동,1004:0424,timetable
425,회현,1004:0425,timetable
427,숙대입구,1004:0427,timetable
428,삼각지,1004:0428;1006:2629,timetable
429,신용산,1004:0429,timetable
430,이촌,1004:0430;1063:1008,timetable
431,동작,1004:0431;1009:4120,timetable
432,총신대입구,1004:0432;1007:2738,timetable
434,남태령,1004:0434,timetable
1002,남영,1001:1002,timetable
1003,용산,1001:1003;1063:1003,timetable
1004,노량진,1001:1004;1009:4117,timetable
1005,대방,1001:1005;1094:S402,timetable
1006,영등포,1001:1006,timetable
1015,회기,1001:1015;1067:1015;1063:1015,timetable
1016,외대앞,1001:1016,timetable
1017,신이문,1001:1017,timetable
1018,석계,1001:1018;1006:2645,timetable
1019,광운대,1001:1019;1067:1019,timetable
1020,월계,1001:1020,timetable
1021,녹천,1001:1021,timetable
1032,신길,1001:1032;1005:2526,timetable
1401,봉명,1001:1401,timetable
1402,쌍용,1001:1402,timetable
1403,아산,1001:1403,timetable
1404,탕정,1001:1404,timetable
1405,배방,1001:1405,timetable
1407,온양온천,1001:1407,timetable
1408,신창,1001:1408,timetable
1450,선바위,1004:1450,timetable
1451,경마공원,1004:1451,timetable
1452,대공원,1004:1452,timetable
1453,과천,1004:1453,timetable
1454,정부과천청사,1004:1454,timetable
1455,인덕원,1004:1455,timetable
1456,평촌,1004:1456,timetable
1457,범계,1004:1457,timetable
1458,금정,1001:1708;1004:1458,timetable
1701,구로,1001:1701,timetable
1702,가산디지털단지,1001:1702;1007:2748,timetable
1703,금천구청,1001:1703,timetable
1704,석수,1001:1704,timetable
1705,관악,1001:1705,timetable
1706,안양,1001:1706,timetable
1707,명학,1001:1707,timetable
1709,군포,1001:1709,timetable
1710,의왕,1001:1710,timetable
1711,성균관대,1001:1711,timetable
1712,화서,1001:1712,timetable
1713,수원,1001:1713;1075:1846,timetable
1714,독산,1001:1714,timetable
1715,세류,1001:1715,timetable
1716,병점,1001:1716,timetable
1717,세마,1001:1717,timetable
1718,오산대,1001:1718,timetable
1719,오산,1001:1719,timetable
1720,진위,1001:1720,timetable
1721,송탄,1001:1721,timetable
1722,서정리,1001:1722,timetable
1723,평택지제,1001:1723,timetable
1724,평택,1001:1724,timetable
1725,성환,1001:1725,timetable
1726,직산,1001:1726,timetable
1727,두정,1001:1727,timetable
1728,천안,1001:1728,timetable
1729,당정,1001:1729,timetable
1749,서동탄,1001:1749,timetable
1750,광명,1001:1750,timetable
1751,산본,1004:1751,timetable
1752,대야미,1004:1752,timetable
1753,반월,1004:1753,timetable
1754,상록수,1004:1754,timetable
1755,한대앞,1004:1755;1075:1755,timetable
1756,중앙,1004:1756;1075:1756,timetable
1757,고잔,1004:1757;1075:1757,timetable
1758,초지,1004:1758;1075:1758;1093:4813,timetable
1759,안산,1004:1759;1075:1759,timetable
1760,신길온천,1004:1760;1075:,timetable
1761,정왕,1004:1761;1075:1761,timetable
1762,오이도,1004:1762;1075:1762,timetable
1763,수리산,1004:1763,timetable
1801,개봉,1001:1801,timetable
1802,오류동,1001:1802,timetable
1803,역곡,1001:1803,timetable
1804,부천,1001:1804,timetable
1805,송내,1001:1805,timetable
1806,부평,1001:1806,timetable
1807,백운,1001:1807,timetable
1808,동암,1001:1808,timetable
1809,주안,1001:1809,timetable
1810,제물포,1001:1810,timetable
1811,동인천,1001:1811,timetable
1812,인천,1001:1812;1075:1891,timetable
1813,구일,1001:1813,timetable
1814,소사,1001:1814;1093:4804,timetable
1815,부개,1001:1815,timetable
1816,간석,1001:1816,timetable
1817,도원,1001:1817,timetable
1821,온수,1001:1821;1007:2752,timetable
1822,중동,1001:1822,timetable
1823,도화,1001:1823,timetable
1901,방학,1001:1901,timetable
1902,도봉,1001:1902,timetable
1903,도봉산,1001:1903;1007:2712,timetable
1904,망월사,1001:1904,timetable
1905,회룡,1001:1905,timetable
1906,의정부,1001:1906,timetable
1907,가능,1001:1907,timetable
1908,녹양,1001:1908,timetable
1909,양주,1001:1909,timetable
1910,덕계,1001:1910,timetable
1911,덕정,1001:1911,timetable
1912,지행,1001:1912,timetable
1913,동두천중앙,1001:1913,timetable
1914,보산,1001:1914,timetable
1915,동두천,1001:1915,timetable
1916,소요산,1001:1916,timetable
1917,청산,1001:1917,timetable
1918,전곡,1001:1918,timetable
1919,연천,1001:1919,timetable
1948,원흥,1003:1948,timetable
1950,삼송,1003:1950,timetable
1951,원당,1003:1951,timetable
1952,화정,1003:1952,timetable
1953,대곡,1003:1953;1063:1953;1093:1953,timetable
1954,백석,1003:1954,timetable
1955,마두,1003:1955,timetable
1956,정발산,1003:1956,timetable
1957,주엽,1003:1957,timetable
1958,대화,1003:1958,timetable
2511,방화,1005:2511,timetable
2512,개화산,1005:2512,timetable
2513,김포공항,1005:2513;1009:4102;1065:A05;1093:1980,timetable
2514,송정,1005:2514,timetable
2515,마곡,1005:2515,timetable
2516,발산,1005:2516,timetable
2517,우장산,1005:2517,timetable
2518,화곡,1005:2518,timetable
2520,신정,1005:2520,timetable
2521,목동,1005:2521,timetable
2522,오목교,1005:2522,timetable
2523,양평,1005:2523,timetable
2525,영등포시장,1005:2525,timetable
2527,여의도,1005:2527;1009:4115,timetable
2528,여의나루,1005:2528,timetable
2529,마포,1005:2529,timetable
2530,공덕,1005:2530;1006:2627;1065:A02;1063:1262,timetable
2531,애오개,1005:2531,timetable
2533,서대문,1005:2533,timetable
2534,광화문,1005:2534,timetable
2538,청구,1005:2538;1006:2635,timetable
2539,신금호,1005:2539,timetable
2540,행당,1005:2540,timetable
2542,마장,1005:2542,timetable
2543,답십리,1005:2543,timetable
2544,장한평,1005:2544,timetable
2545,군자,1005:2545;1007:2727,timetable
2546,아차산,1005:2546,timetable
2547,광나루,1005:2547,timetable
2548,천호,1005:2548;1008:2812,timetable
2549,강동,1005:2549,timetable
2550,길동,1005:2550,timetable
2551,굽은다리,1005:2551,timetable
2552,명일,1005:2552,timetable
2553,고덕,1005:2553,timetable
2554,상일동,1005:2554,timetable
2555,둔촌동,1005:2555,timetable
2556,올림픽공원,1005:2556;1009:4136,timetable
2557,방이,1005:2557,timetable
2559,개롱,1005:2559,timetable
2560,거여,1005:2560,timetable
2561,마천,1005:2561,timetable
2562,강일,1005:2562,timetable
2563,미사,1005:2563,timetable
2564,하남풍산,1005:2564,timetable
2565,하남시청,1005:2565,timetable
2566,하남검단산,1005:2566,timetable
2611,응암,1006:2611,timetable
2612,역촌,1006:2612,timetable
2614,독바위,1006:2614,timetable
2616,구산,1006:2616,timetable
2617,새절,1006:2617,timetable
2618,증산,1006:2618,timetable
2619,디지털미디어시티,1006:2619;1065:A04;1063:1266,timetable
2620,월드컵경기장,1006:2620,timetable
2621,마포구청,1006:2621,timetable
2622,망원,1006:2622,timetable
2624,상수,1006:2624,timetable
2625,광흥창,1006:2625,timetable
2626,대흥,1006:2626,timetable
2628,효창공원앞,1006:2628;1063:1261,timetable
2630,녹사평,1006:2630,timetable
2631,이태원,1006:2631,timetable
2632,한강진,1006:2632,timetable
2633,버티고개,1006:2633,timetable
2638,창신,1006:2638,timetable
2639,보문,1006:2639;1092:S121,timetable
2640,안암,1006:2640,timetable
2641,고려대,1006:2641,timetable
2642,월곡,1006:2642,timetable
2643,상월곡,1006:2643,timetable
2644,돌곶이,1006:2644,timetable
2646,태릉입구,1006:2646;1007:2719,timetable
2647,화랑대,1006:2647,timetable
2648,봉화산,1006:2648,timetable
2649,신내,1006:2649;1067:1311,timetable
2711,장암,1007:2711,timetable
2713,수락산,1007:2713,timetable
2714,마들,1007:2714,timetable
2716,중계,1007:2716,timetable
2717,하계,1007:2717,timetable
2718,공릉,1007:2718,timetable
2720,먹골,1007:2720,timetable
2721,중화,1007:2721,timetable
2722,상봉,1007:2722;1067:1202;1063:1202,timetable
2723,면목,1007:2723,timetable
2724,사가정,1007:2724,timetable
2725,용마산,1007:2725,timetable
2726,중곡,1007:2726,timetable
2728,어린이대공원,1007:2728,timetable
2730,자양,1007:2730,timetable
2731,청담,1007:2731,timetable
2732,강남구청,1007:2732;1075:1849,timetable
2733,학동,1007:2733,timetable
2734,논현,1007:2734;1077:D005,timetable
2735,반포,1007:2735,timetable
2737,내방,1007:2737,timetable
2739,남성,1007:2739,timetable
2740,숭실대입구,1007:2740,timetable
2741,상도,1007:2741,timetable
2742,장승배기,1007:2742,timetable
2743,신대방삼거리,1007:2743,timetable
2744,보라매,1007:2744;1094:S404,timetable
2745,신풍,1007:2745,timetable
2747,남구로,1007:2747,timetable
2749,철산,1007:2749,timetable
2750,광명사거리,1007:2750,timetable
2751,천왕,1007:2751,timetable
2805,별내,1008:2805;1067:1313,timetable
2806,다산,1008:2806,timetable
2807,동구릉,1008:2807,timetable
2808,구리,1008:2808;1063:1205,timetable
2809,장자호수공원,1008:2809,timetable
2810,암사역사공원,1008:2810,timetable
2811,암사,1008:2811,timetable
2813,강동구청,1008:2813,timetable
2814,몽촌토성,1008:2814,timetable
2816,석촌,1008:2816;1009:4133,timetable
2817,송파,1008:2817,timetable
2819,문정,1008:2819,timetable
2820,장지,1008:2820,timetable
2821,복정,1008:2821;1075:1031,timetable
2822,산성,1008:2822,timetable
2823,남한산성입구,1008:2823,timetable
2824,단대오거리,1008:2824,timetable
2825,신흥,1008:2825,timetable
2826,수진,1008:2826,timetable
2827,모란,1008:2827;1075:1853,timetable
2828,남위례,1008:2828,timetable
3753,까치울,1007:3753,timetable
3754,부천종합운동장,1007:3754;1093:1982,timetable
3755,춘의,1007:3755,timetable
3756,신중동,1007:3756,timetable
3757,부천시청,1007:3757,timetable
3758,상동,1007:3758,timetable
3759,삼산체육관,1007:3759,timetable
3760,굴포천,1007:3760,timetable
3761,부평구청,1007:3761,timetable
3762,산곡,1007:3762,timetable
3763,석남,1007:3763,timetable
4101,개화,1009:4101,timetable
4103,공항시장,1009:4103,timetable
4104,신방화,1009:4104,timetable
4105,마곡나루,1009:4105;1065:A042,timetable
4106,양천향교,1009:4106,timetable
4107,가양,1009:4107,timetable
4108,증미,1009:4108,timetable
4109,등촌,1009:4109,timetable
4110,염창,1009:4110,timetable
4111,신목동,1009:4111,timetable
4112,선유도,1009:4112,timetable
4114,국회의사당,1009:4114,timetable
4116,샛강,1009:4116;1094:S401,timetable
4118,노들,1009:4118,timetable
4119,흑석,1009:4119,timetable
4121,구반포,1009:4121,timetable
4122,신반포,1009:4122,timetable
4124,사평,1009:4124,timetable
4125,신논현,1009:4125;1077:D006,timetable
4126,언주,1009:4126,timetable
4127,선정릉,1009:4127;1075:1850,timetable
4128,삼성중앙,1009:4128,timetable
4129,봉은사,1009:4129,timetable
4131,삼전,1009:4131,timetable
4132,석촌고분,1009:4132,timetable
4134,송파나루,1009:4134,timetable
4135,한성백제,1009:4135,timetable
4137,둔촌오륜,1009:4137,timetable
4138,중앙보훈병원,1009:4138,timetable
1851,가천대,1075:1851,standard
1027,개포동,1075:1027,standard
1028,대모산입구,1075:1028,standard
1009,서빙고,1063:1009,standard
1855,서현,1075:1855,standard
1856,수내,1075:1856,standard
1854,야탑,1075:1854,standard
1012,응봉,1063:1012,standard
1502,이매,1075:1860;1081:1502,standard
1852,태평,1075:1852,standard
1010,한남,1063:1010,standard
1024,한티,1075:1024,standard
1026,구룡,1075:1026,standard
1201,중랑,1063:1201;1067:1201,standard
1203,망우,1063:1203;1067:1203,standard
1206,도농,1063:1206,standard
1207,양정,1063:1207,standard
1208,덕소,1063:1208,standard
1209,도심,1063:1209,standard
1210,팔당,1063:1210,standard
1211,운길산,1063:1211,standard
1212,양수,1063:1212,standard
1213,신원,1063:1213,standard
1214,국수,1063:1214,standard
1215,아신,1063:1215,standard
1216,오빈,1063:1216,standard
1217,양평,1063:1217,standard
1218,원덕,1063:1218,standard
1219,용문,1063:1219,standard
1220,지평,1063:1220,standard
1252,신촌,1063:1252,standard
1263,서강대,1063:1263,standard
1265,가좌,1063:1265,standard
1267,수색,1063:1267,standard
1268,한국항공대,1063:1268,standard
1269,강매,1063:1269,standard
1270,행신,1063:1270,standard
1271,능곡,1063:1271;1093:1271,standard
1272,곡산,1063:1272;1093:1272,standard
1273,백마,1063:1273;1093:1273,standard
1274,풍산,1063:1274;1093:1274,standard
1275,일산,1063:1275;1093:1275,standard
1276,탄현,1063:1276,standard
1277,야당,1063:1277,standard
1278,운정,1063:1278,standard
1279,금릉,1063:1279,standard
1280,금촌,1063:1280,standard
1282,월롱,1063:1282,standard
1283,파주,1063:1283,standard
1284,문산,1063:1284,standard
1285,임진강,1063:1285,standard
1286,운천,1063:1286,standard
1312,갈매,1067:1312,standard
1314,퇴계원,1067:1314,standard
1315,사릉,1067:1315,standard
1316,금곡,1067:1316,standard
1317,평내호평,1067:1317,standard
1318,천마산,1067:1318,standard
1319,마석,1067:1319,standard
1320,대성리,1067:1320,standard
1321,청평,1067:1321,standard
1322,상천,1067:1322,standard
1323,가평,1067:1323,standard
1324,굴봉산,1067:1324,standard
1325,백양리,1067:1325,standard
1326,강촌,1067:1326,standard
1327,김유정,1067:1327,standard
1328,남춘천,1067:1328,standard
1329,춘천,1067:1329,standard
1501,판교,1077:D011;1081:1501,standard
1503,삼동,1081:1503,standard
1504,경기광주,1081:1504,standard
1505,초월,1081:1505,standard
1506,곤지암,1081:1506,standard
1507,신둔도예촌,1081:1507,standard
1508,이천,1081:1508,standard
1509,부발,1081:1509,standard
1510,세종대왕릉,1081:1510,standard
1511,여주,1081:1511,standard
1512,성남,1081:1512,standard
1847,서울숲,1075:1847,standard
1848,압구정로데오,1075:1848,standard
1857,정자,1075:1857;1077:D012,standard
1858,미금,1075:1858;1077:D013,standard
1859,오리,1075:1859,standard
1861,보정,1075:1861,standard
1862,죽전,1075:1862,standard
1863,구성,1075:1863,standard
1864,신갈,1075:1864,standard
1865,기흥,1075:1865,standard
1866,상갈,1075:1866,standard
1867,청명,1075:1867,standard
1868,영통,1075:1868,standard
1869,망포,1075:1869,standard
1870,매탄권선,1075:1870,standard
1871,수원시청,1075:1871,standard
1872,매교,1075:1872,standard
1873,고색,1075:1873,standard
1874,오목천,1075:1874,standard
1875,어천,1075:1875,standard
1876,야목,1075:1876,standard
1877,사리,1075:1877,standard
1878,달월,1075:1878,standard
1879,월곶,1075:1879,standard
1880,소래포구,1075:1880,standard
1881,인천논현,1075:1881,standard
1882,호구포,1075:1882,standard
1883,남동인더스파크,1075:1883,standard
1884,원인재,1075:1884,standard
1885,연수,1075:1885,standard
1886,송도,1075:1886,standard
1888,인하대,1075:1888,standard
1889,숭의,1075:1889,standard
1890,신포,1075:1890,standard
1981,원종,1093:1981,standard
4805,소새울,1093:4805,standard
4806,시흥대야,1093:4806,standard
4807,신천,1093:4807,standard
4808,신현,1093:4808,standard
4809,시흥시청,1093:4809,standard
4810,시흥능곡,1093:4810,standard
4811,달미,1093:4811,standard
4812,선부,1093:4812,standard
4814,시우,1093:4814,standard
4815,원시,1093:4815,standard
9013,도라산,1063:,assigned
9014,양원,1063:,assigned
A06,계양,1065:A06,standard
A07,검암,1065:A07,standard
A071,청라국제도시,1065:A071,standard
A072,영종,1065:A072,standard
A08,운서,1065:A08,standard
A09,공항화물청사,1065:A09,standard
A10,인천공항1터미널,1065:A10,standard
A11,인천공항2터미널,1065:A11,standard
D009,양재시민의숲,1077:D009,standard
D010,청계산입구,1077:D010,standard
D014,동천,1077:D014,standard
D015,수지구청,1077:D015,standard
D016,성복,1077:D016,standard
D017,상현,1077:D017,standard
D018,광교중앙,1077:D018,standard
D019,광교,1077:D019,standard
S110,북한산우이,1092:S110,standard
S111,솔밭공원,1092:S111,standard
S112,4.19민주묘지,1092:S112,standard
S113,가오리,1092:S113,standard
S114,화계,1092:S114,standard
S115,삼양,1092:S115,standard
S116,삼양사거리,1092:S116,standard
S117,솔샘,1092:S117,standard
S118,북한산보국문,1092:S118,standard
S119,정릉,1092:S119,standard
S403,서울지방병무청,1094:S403,standard
S405,보라매공원,1094:S405,standard
S406,보라매병원,1094:S406,standard
S407,당곡,1094:S407,standard
S409,서원,1094:S409,standard
S410,서울대벤처타운,1094:S410,standard
S411,관악산,1094:S411,standard
