statn_id,station_id,line_id,name
1001000100,1916,1001,소요산
1001000101,1915,1001,동두천
1001000102,1914,1001,보산
1001000103,1913,1001,동두천중앙
1001000104,1912,1001,지행
1001000105,1911,1001,덕정
1001000106,1910,1001,덕계
1001000107,1909,1001,양주
1001000108,1908,1001,녹양
1001000109,1907,1001,가능
1001000110,1906,1001,의정부
1001000111,1905,1001,회룡
1001000112,1904,1001,망월사
1001000113,1903,1001,도봉산
1001000114,1902,1001,도봉
1001000115,1901,1001,방학
1001000116,412,1001,창동
1001000117,1021,1001,녹천
1001000118,1020,1001,월계
1001000119,1019,1001,광운대
1001000120,1018,1001,석계
1001000121,1017,1001,신이문
1001000122,1016,1001,외대앞
1001000123,1015,1001,회기
1001000124,158,1001,청량리
1001000125,157,1001,제기동
1001000126,156,1001,신설동
1001000127,159,1001,동묘앞
1001000128,155,1001,동대문
1001000129,154,1001,종로5가
1001000130,153,1001,종로3가
1001000131,152,1001,종각
1001000132,151,1001,시청
1001000133,150,1001,서울
1001000134,1002,1001,남영
1001000135,1003,1001,용산
1001000136,1004,1001,노량진
1001000137,1005,1001,대방
1001000138,1032,1001,신길
1001000139,1006,1001,영등포
1001000140,234,1001,신도림
1001000141,1701,1001,구로
1001000142,1813,1001,구일
1001000143,1801,1001,개봉
1001000144,1802,1001,오류동
1001000145,1821,1001,온수
1001000146,1803,1001,역곡
1001000147,1814,1001,소사
1001000148,1804,1001,부천
1001000149,1822,1001,중동
1001000150,1805,1001,송내
1001000151,1815,1001,부개
1001000152,1806,1001,부평
1001000153,1807,1001,백운
1001000154,1808,1001,동암
1001000155,1816,1001,간석
1001000156,1809,1001,주안
1001000157,1823,1001,도화
1001000158,1810,1001,제물포
1001000159,1817,1001,도원
1001000160,1811,1001,동인천
1001000161,1812,1001,인천
1001001001,1917,1001,청산
1001001002,1918,1001,전곡
1001001003,1919,1001,연천
1001080142,1702,1001,가산디지털단지
1001080143,1714,1001,독산
1001080144,1703,1001,금천구청
1001080145,1704,1001,석수
1001080146,1705,1001,관악
1001080147,1706,1001,안양
1001080148,1707,1001,명학
1001080149,1458,1001,금정
1001080150,1709,1001,군포
1001080151,1729,1001,당정
1001080152,1710,1001,의왕
1001080153,1711,1001,성균관대
1001080154,1712,1001,화서
1001080155,1713,1001,수원
1001080156,1715,1001,세류
1001080157,1716,1001,병점
1001080158,1717,1001,세마
1001080159,1718,1001,오산대
1001080160,1719,1001,오산
1001080161,1720,1001,진위
1001080162,1721,1001,송탄
1001080163,1722,1001,서정리
1001080165,1724,1001,평택
1001080166,1725,1001,성환
1001080167,1726,1001,직산
1001080168,1727,1001,두정
1001080169,1728,1001,천안
1001080170,1401,1001,봉명
1001080171,1402,1001,쌍용
1001080172,1403,1001,아산
1001080173,1404,1001,탕정
1001080174,1405,1001,배방
1001080175,1407,1001,온양온천
1001080176,1408,1001,신창
1002000201,151,1002,시청
1002000202,202,1002,을지로입구
1002000203,203,1002,을지로3가
1002000204,204,1002,을지로4가
1002000205,205,1002,동대문역사문화공원
1002000206,206,1002,신당
1002000207,207,1002,상왕십리
1002000208,208,1002,왕십리
1002000209,209,1002,한양대
1002000210,210,1002,뚝섬
1002000211,211,1002,성수
1002000212,212,1002,건대입구
1002000213,213,1002,구의
1002000214,214,1002,강변
1002000215,215,1002,잠실나루
1002000216,216,1002,잠실
1002000217,217,1002,잠실새내
1002000218,218,1002,종합운동장
1002000219,219,1002,삼성
1002000220,220,1002,선릉
1002000221,221,1002,역삼
1002000222,222,1002,강남
1002000223,223,1002,교대
1002000224,224,1002,서초
1002000225,225,1002,방배
1002000226,226,1002,사당
1002000227,227,1002,낙성대
1002000228,228,1002,서울대입구
1002000229,229,1002,봉천
1002000230,230,1002,신림
1002000231,231,1002,신대방
1002000232,232,1002,구로디지털단지
1002000233,233,1002,대림
1002000234,234,1002,신도림
1002000235,235,1002,문래
1002000236,236,1002,영등포구청
1002000237,237,1002,당산
1002000238,238,1002,합정
1002000239,239,1002,홍대입구
1002000240,240,1002,신촌
1002000241,241,1002,이대
1002000242,242,1002,아현
1002000243,243,1002,충정로
1002002111,244,1002,용답
1002002112,245,1002,신답
1002002113,250,1002,용두
1002002114,156,1002,신설동
1002002341,247,1002,도림천
1002002342,248,1002,양천구청
1002002343,249,1002,신정네거리
1002002344,200,1002,까치산
1003000309,1958,1003,대화
1003000310,1957,1003,주엽
1003000311,1956,1003,정발산
1003000312,1955,1003,마두
1003000313,1954,1003,백석
1003000314,1953,1003,대곡
1003000315,1952,1003,화정
1003000316,1951,1003,원당
1003000317,1948,1003,원흥
1003000318,1950,1003,삼송
1003000319,309,1003,지축
1003000320,310,1003,구파발
1003000321,311,1003,연신내
1003000322,312,1003,불광
1003000323,313,1003,녹번
1003000324,314,1003,홍제
1003000325,315,1003,무악재
1003000326,316,1003,독립문
1003000327,317,1003,경복궁
1003000328,318,1003,안국
1003000329,153,1003,종로3가
1003000330,203,1003,을지로3가
1003000331,321,1003,충무로
1003000332,322,1003,동대입구
1003000333,323,1003,약수
1003000334,324,1003,금호
1003000335,325,1003,옥수
1003000336,326,1003,압구정
1003000337,327,1003,신사
1003000338,328,1003,잠원
1003000339,329,1003,고속터미널
1003000340,223,1003,교대
1003000341,331,1003,남부터미널
1003000342,332,1003,양재
1003000343,333,1003,매봉
1003000344,334,1003,도곡
1003000345,335,1003,대치
1003000346,336,1003,학여울
1003000347,337,1003,대청
1003000348,338,1003,일원
1003000349,339,1003,수서
1003000350,340,1003,가락시장
1003000351,341,1003,경찰병원
1003000352,342,1003,오금
1004000409,409,1004,불암산
1004000410,410,1004,상계
1004000411,411,1004,노원
1004000412,412,1004,창동
1004000413,413,1004,쌍문
1004000414,414,1004,수유
1004000415,415,1004,미아
1004000416,416,1004,미아사거리
1004000417,417,1004,길음
1004000418,418,1004,성신여대입구
1004000419,419,1004,한성대입구
1004000420,420,1004,혜화
1004000421,155,1004,동대문
1004000422,205,1004,동대문역사문화공원
1004000423,321,1004,충무로
1004000424,424,1004,명동
1004000425,425,1004,회현
1004000426,150,1004,서울
1004000427,427,1004,숙대입구
1004000428,428,1004,삼각지
1004000429,429,1004,신용산
1004000430,430,1004,이촌
1004000431,431,1004,동작
1004000432,432,1004,총신대입구
1004000433,226,1004,사당
1004000434,434,1004,남태령
1004000435,1450,1004,선바위
1004000436,1451,1004,경마공원
1004000437,1452,1004,대공원
1004000438,1453,1004,과천
1004000439,1454,1004,정부과천청사
1004000440,1455,1004,인덕원
1004000441,1456,1004,평촌
1004000442,1457,1004,범계
1004000443,1458,1004,금정
1004000444,1751,1004,산본
1004000445,1763,1004,수리산
1004000446,1752,1004,대야미
1004000447,1753,1004,반월
1004000448,1754,1004,상록수
1004000449,1755,1004,한대앞
1004000450,1756,1004,중앙
1004000451,1757,1004,고잔
1004000452,1758,1004,초지
1004000453,1759,1004,안산
1004000454,1760,1004,신길온천
1004000455,1761,1004,정왕
1004000456,1762,1004,오이도
1005000510,2511,1005,방화
1005000511,2512,1005,개화산
1005000512,2513,1005,김포공항
1005000513,2514,1005,송정
1005000514,2515,1005,마곡
1005000515,2516,1005,발산
1005000516,2517,1005,우장산
1005000517,2518,1005,화곡
1005000518,200,1005,까치산
1005000519,2520,1005,신정
1005000520,2521,1005,목동
1005000521,2522,1005,오목교
1005000522,2523,1005,양평
1005000523,236,1005,영등포구청
1005000524,2525,1005,영등포시장
1005000525,1032,1005,신길
1005000526,2527,1005,여의도
1005000527,2528,1005,여의나루
1005000528,2529,1005,마포
1005000529,2530,1005,공덕
1005000530,2531,1005,애오개
1005000531,243,1005,충정로
1005000532,2533,1005,서대문
1005000533,2534,1005,광화문
1005000534,153,1005,종로3가
1005000535,204,1005,을지로4가
1005000536,205,1005,동대문역사문화공원
1005000537,2538,1005,청구
1005000538,2539,1005,신금호
1005000539,2540,1005,행당
1005000540,208,1005,왕십리
1005000541,2542,1005,마장
1005000542,2543,1005,답십리
1005000543,2544,1005,장한평
1005000544,2545,1005,군자
1005000545,2546,1005,아차산
1005000546,2547,1005,광나루
1005000547,2548,1005,천호
1005000548,2549,1005,강동
1005000549,2550,1005,길동
1005000550,2551,1005,굽은다리
1005000551,2552,1005,명일
1005000552,2553,1005,고덕
1005000553,2554,1005,상일동
1005000554,2562,1005,강일
1005000555,2563,1005,미사
1005000556,2564,1005,하남풍산
1005000557,2565,1005,하남시청
1005000558,2566,1005,하남검단산
1005080549,2555,1005,둔촌동
1005080550,2556,1005,올림픽공원
1005080551,2557,1005,방이
1005080552,342,1005,오금
1005080553,2559,1005,개롱
1005080554,2560,1005,거여
1005080555,2561,1005,마천
1006000610,2611,1006,응암
1006000611,2612,1006,역촌
1006000612,312,1006,불광
1006000613,2614,1006,독바위
1006000614,311,1006,연신내
1006000615,2616,1006,구산
1006000616,2617,1006,새절
1006000617,2618,1006,증산
1006000618,2619,1006,디지털미디어시티
1006000619,2620,1006,월드컵경기장
1006000620,2621,1006,마포구청
1006000621,2622,1006,망원
1006000622,238,1006,합정
1006000623,2624,1006,상수
1006000624,2625,1006,광흥창
1006000625,2626,1006,대흥
1006000626,2530,1006,공덕
1006000627,2628,1006,효창공원앞
1006000628,428,1006,삼각지
1006000629,2630,1006,녹사평
1006000630,2631,1006,이태원
1006000631,2632,1006,한강진
1006000632,2633,1006,버티고개
1006000633,323,1006,약수
1006000634,2538,1006,청구
1006000635,206,1006,신당
1006000636,159,1006,동묘앞
1006000637,2638,1006,창신
1006000638,2639,1006,보문
1006000639,2640,1006,안암
1006000640,2641,1006,고려대
1006000641,2642,1006,월곡
1006000642,2643,1006,상월곡
1006000643,2644,1006,돌곶이
1006000644,1018,1006,석계
1006000645,2646,1006,태릉입구
1006000646,2647,1006,화랑대
1006000647,2648,1006,봉화산
1006000648,2649,1006,신내
1007000709,2711,1007,장암
1007000710,1903,1007,도봉산
1007000711,2713,1007,수락산
1007000712,2714,1007,마들
1007000713,411,1007,노원
1007000714,2716,1007,중계
1007000715,2717,1007,하계
1007000716,2718,1007,공릉
1007000717,2646,1007,태릉입구
1007000718,2720,1007,먹골
1007000719,2721,1007,중화
1007000720,2722,1007,상봉
1007000721,2723,1007,면목
1007000722,2724,1007,사가정
1007000723,2725,1007,용마산
1007000724,2726,1007,중곡
1007000725,2545,1007,군자
1007000726,2728,1007,어린이대공원
1007000727,212,1007,건대입구
1007000728,2730,1007,자양
1007000729,2731,1007,청담
1007000730,2732,1007,강남구청
1007000731,2733,1007,학동
1007000732,2734,1007,논현
1007000733,2735,1007,반포
1007000734,329,1007,고속터미널
1007000735,2737,1007,내방
1007000736,432,1007,총신대입구
1007000737,2739,1007,남성
1007000738,2740,1007,숭실대입구
1007000739,2741,1007,상도
1007000740,2742,1007,장승배기
1007000741,2743,1007,신대방삼거리
1007000742,2744,1007,보라매
1007000743,2745,1007,신풍
1007000744,233,1007,대림
1007000745,2747,1007,남구로
1007000746,1702,1007,가산디지털단지
1007000747,2749,1007,철산
1007000748,2750,1007,광명사거리
1007000749,2751,1007,천왕
1007000750,1821,1007,온수
1007000751,3753,1007,까치울
1007000752,3754,1007,부천종합운동장
1007000753,3755,1007,춘의
1007000754,3756,1007,신중동
1007000755,3757,1007,부천시청
1007000756,3758,1007,상동
1007000757,3759,1007,삼산체육관
1007000758,3760,1007,굴포천
1007000759,3761,1007,부평구청
1007000760,3762,1007,산곡
1007000761,3763,1007,석남
1008000804,2805,1008,별내
1008000805,2806,1008,다산
1008000806,2807,1008,동구릉
1008000807,2808,1008,구리
1008000808,2809,1008,장자호수공원
1008000809,2810,1008,암사역사공원
1008000810,2811,1008,암사
1008000811,2548,1008,천호
1008000812,2813,1008,강동구청
1008000813,2814,1008,몽촌토성
1008000814,216,1008,잠실
1008000815,2816,1008,석촌
1008000816,2817,1008,송파
1008000817,340,1008,가락시장
1008000818,2819,1008,문정
1008000819,2820,1008,장지
1008000820,2821,1008,복정
1008000821,2828,1008,남위례
1008000822,2822,1008,산성
1008000823,2823,1008,남한산성입구
1008000824,2824,1008,단대오거리
1008000825,2825,1008,신흥
1008000826,2826,1008,수진
1008000827,2827,1008,모란
1009000901,4101,1009,개화
1009000902,2513,1009,김포공항
1009000903,4103,1009,공항시장
1009000904,4104,1009,신방화
1009000905,4105,1009,마곡나루
1009000906,4106,1009,양천향교
1009000907,4107,1009,가양
1009000908,4108,1009,증미
1009000909,4109,1009,등촌
1009000910,4110,1009,염창
1009000911,4111,1009,신목동
1009000912,4112,1009,선유도
1009000913,237,1009,당산
1009000914,4114,1009,국회의사당
1009000915,2527,1009,여의도
1009000916,4116,1009,샛강
1009000917,1004,1009,노량진
1009000918,4118,1009,노들
1009000919,4119,1009,흑석
1009000920,431,1009,동작
1009000921,4121,1009,구반포
1009000922,4122,1009,신반포
1009000923,329,1009,고속터미널
1009000924,4124,1009,사평
1009000925,4125,1009,신논현
1009000926,4126,1009,언주
1009000927,4127,1009,선정릉
1009000928,4128,1009,삼성중앙
1009000929,4129,1009,봉은사
1009000930,218,1009,종합운동장
1009000931,4131,1009,삼전
1009000932,4132,1009,석촌고분
1009000933,2816,1009,석촌
1009000934,4134,1009,송파나루
1009000935,4135,1009,한성백제
1009000936,2556,1009,올림픽공원
1009000937,4137,1009,둔촌오륜
1009000938,4138,1009,중앙보훈병원
1063075110,1003,1063,용산
1063075111,430,1063,이촌
1063075112,1009,1063,서빙고
1063075113,1010,1063,한남
1063075114,325,1063,옥수
1063075115,1012,1063,응봉
1063075116,208,1063,왕십리
1063075117,158,1063,청량리
1063075118,1015,1063,회기
1063075119,1201,1063,중랑
1063075120,2722,1063,상봉
1063075121,1203,1063,망우
1063075122,9014,1063,양원
1063075123,2808,1063,구리
1063075124,1206,1063,도농
1063075125,1207,1063,양정
1063075126,1208,1063,덕소
1063075127,1209,1063,도심
1063075128,1210,1063,팔당
1063075129,1211,1063,운길산
1063075130,1212,1063,양수
1063075131,1213,1063,신원
1063075132,1214,1063,국수
1063075133,1215,1063,아신
1063075134,1216,1063,오빈
1063075135,1217,1063,양평
1063075136,1218,1063,원덕
1063075137,1219,1063,용문
1063075138,1220,1063,지평
1063075312,2530,1063,공덕
1063075313,1263,1063,서강대
1063075314,239,1063,홍대입구
1063075315,1265,1063,가좌
1063075316,2619,1063,디지털미디어시티
1063075317,1267,1063,수색
1063075318,1268,1063,한국항공대
1063075319,1269,1063,강매
1063075320,1270,1063,행신
1063075321,1271,1063,능곡
1063075322,1953,1063,대곡
1063075323,1272,1063,곡산
1063075324,1273,1063,백마
1063075325,1274,1063,풍산
1063075326,1275,1063,일산
1063075327,1276,1063,탄현
1063075328,1277,1063,야당
1063075329,1278,1063,운정
1063075330,1279,1063,금릉
1063075331,1280,1063,금촌
1063075333,1282,1063,월롱
1063075334,1283,1063,파주
1063075335,1284,1063,문산
1063075826,2628,1063,효창공원앞
1063080312,1252,1063,신촌
1063080313,150,1063,서울
1065006501,150,1065,서울
1065006502,2530,1065,공덕
1065006503,239,1065,홍대입구
1065006504,2619,1065,디지털미디어시티
1065006505,2513,1065,김포공항
1065006506,A06,1065,계양
1065006507,A07,1065,검암
1065006508,A08,1065,운서
1065006509,A09,1065,공항화물청사
1065006510,A10,1065,인천공항1터미널
1065006511,A11,1065,인천공항2터미널
1065065042,4105,1065,마곡나루
1065065071,A071,1065,청라국제도시
1065065072,A072,1065,영종
1067080116,158,1067,청량리
1067080117,1015,1067,회기
1067080118,1201,1067,중랑
1067080120,2722,1067,상봉
1067080121,1203,1067,망우
1067080122,2649,1067,신내
1067080123,1312,1067,갈매
1067080124,2805,1067,별내
1067080125,1314,1067,퇴계원
1067080126,1315,1067,사릉
1067080127,1316,1067,금곡
1067080128,1317,1067,평내호평
1067080129,1318,1067,천마산
1067080130,1319,1067,마석
1067080131,1320,1067,대성리
1067080132,1321,1067,청평
1067080133,1322,1067,상천
1067080134,1323,1067,가평
1067080135,1324,1067,굴봉산
1067080136,1325,1067,백양리
1067080137,1326,1067,강촌
1067080138,1327,1067,김유정
1067080139,1328,1067,남춘천
1067080140,1329,1067,춘천
1075075210,208,1075,왕십리
1075075211,1847,1075,서울숲
1075075212,1848,1075,압구정로데오
1075075213,2732,1075,강남구청
1075075214,4127,1075,선정릉
1075075215,220,1075,선릉
1075075216,1024,1075,한티
1075075217,334,1075,도곡
1075075218,1026,1075,구룡
1075075219,1027,1075,개포동
1075075220,1028,1075,대모산입구
1075075221,339,1075,수서
1075075222,2821,1075,복정
1075075223,1851,1075,가천대
1075075224,1852,1075,태평
1075075225,2827,1075,모란
1075075226,1854,1075,야탑
1075075227,1502,1075,이매
1075075228,1855,1075,서현
1075075229,1856,1075,수내
1075075230,1857,1075,정자
1075075231,1858,1075,미금
1075075232,1859,1075,오리
1075075233,1862,1075,죽전
1075075234,1861,1075,보정
1075075235,1863,1075,구성
1075075236,1864,1075,신갈
1075075237,1865,1075,기흥
1075075238,1866,1075,상갈
1075075239,1867,1075,청명
1075075240,1868,1075,영통
1075075241,1869,1075,망포
1075075242,1870,1075,매탄권선
1075075243,1871,1075,수원시청
1075075244,1872,1075,매교
1075075245,1713,1075,수원
1075075246,1873,1075,고색
1075075247,1874,1075,오목천
1075075248,1875,1075,어천
1075075249,1876,1075,야목
1075075250,1877,1075,사리
1075075251,1755,1075,한대앞
1075075252,1756,1075,중앙
1075075253,1757,1075,고잔
1075075254,1758,1075,초지
1075075255,1759,1075,안산
1075075256,1760,1075,신길온천
1075075257,1761,1075,정왕
1075075258,1762,1075,오이도
1075075259,1878,1075,달월
1075075260,1879,1075,월곶
1075075261,1880,1075,소래포구
1075075262,1881,1075,인천논현
1075075263,1882,1075,호구포
1075075264,1883,1075,남동인더스파크
1075075265,1884,1075,원인재
1075075266,1885,1075,연수
1075075267,1886,1075,송도
1075075268,1888,1075,인하대
1075075269,1889,1075,숭의
1075075270,1890,1075,신포
1075075271,1812,1075,인천
1077000684,327,1077,신사
1077000685,2734,1077,논현
1077000686,4125,1077,신논현
1077000687,222,1077,강남
1077000688,332,1077,양재
1077000689,D009,1077,양재시민의숲
1077006810,D010,1077,청계산입구
1077006811,1501,1077,판교
1077006812,1857,1077,정자
1077006813,1858,1077,미금
1077006814,D014,1077,동천
1077006815,D015,1077,수지구청
1077006816,D016,1077,성복
1077006817,D017,1077,상현
1077006818,D018,1077,광교중앙
1077006819,D019,1077,광교
1081037409,1501,1081,판교
1081037410,1512,1081,성남
1081037411,1502,1081,이매
1081037412,1503,1081,삼동
1081037413,1504,1081,경기광주
1081037414,1505,1081,초월
1081037415,1506,1081,곤지암
1081037416,1507,1081,신둔도예촌
1081037417,1508,1081,이천
1081037418,1509,1081,부발
1081037419,1510,1081,세종대왕릉
1081037420,1511,1081,여주
1092004701,S110,1092,북한산우이
1092004702,S111,1092,솔밭공원
1092004703,S112,1092,4.19민주묘지
1092004704,S113,1092,가오리
1092004705,S114,1092,화계
1092004706,S115,1092,삼양
1092004707,S116,1092,삼양사거리
1092004708,S117,1092,솔샘
1092004709,S118,1092,북한산보국문
1092004710,S119,1092,정릉
1092004711,418,1092,성신여대입구
1092004712,2639,1092,보문
1092004713,156,1092,신설동
1093004001,1275,1093,일산
1093004002,1274,1093,풍산
1093004003,1273,1093,백마
1093004004,1272,1093,곡산
1093004005,1953,1093,대곡
1093004006,1271,1093,능곡
1093004007,2513,1093,김포공항
1093004008,1981,1093,원종
1093004009,3754,1093,부천종합운동장
1093004010,1814,1093,소사
1093004011,4805,1093,소새울
1093004012,4806,1093,시흥대야
1093004013,4807,1093,신천
1093004014,4808,1093,신현
1093004016,4809,1093,시흥시청
1093004017,4810,1093,시흥능곡
1093004018,4811,1093,달미
1093004019,4812,1093,선부
1093004020,1758,1093,초지
1093004021,4814,1093,시우
1093004022,4815,1093,원시
1094000401,4116,1094,샛강
1094000402,1005,1094,대방
1094000403,S403,1094,서울지방병무청
1094000404,2744,1094,보라매
1094000405,S405,1094,보라매공원
1094000406,S406,1094,보라매병원
1094000407,S407,1094,당곡
1094000408,230,1094,신림
1094000409,S409,1094,서원
1094000410,S410,1094,서울대벤처타운
1094000411,S411,1094,관악산
