station_id,name,line_id,tago_station_id,tago_route_name
150,서울,1065,MTRARA1A01,공항
150,서울,1063,MTRKRK4P313,경의중앙
156,신설동,1092,MTRUIUIS122,우이신설
158,청량리,1075,MTRKRK1K209,수인분당
158,청량리,1067,MTRKRK2K117,경춘
158,청량리,1063,MTRKRK4K209,경의중앙
208,왕십리,1075,MTRKRK1K210,수인분당
208,왕십리,1063,MTRKRK4K210,경의중앙
220,선릉,1075,MTRKRK1K215,수인분당
222,강남,1077,MTRDXD1D007,신분당
230,신림,1094,MTRSLL1S408,신림선
239,홍대입구,1065,MTRARA1A03,공항
239,홍대입구,1063,MTRKRK4K314,경의중앙
325,옥수,1063,MTRKRK4K114,경의중앙
327,신사,1077,MTRDXD1D004,신분당
332,양재,1077,MTRDXD1D008,신분당
334,도곡,1075,MTRKRK1K217,수인분당
339,수서,1075,MTRKRK1K221,수인분당
418,성신여대입구,1092,MTRUIUIS120,우이신설
430,이촌,1063,MTRKRK4K111,경의중앙
1003,용산,1063,MTRKRK4K110,경의중앙
1005,대방,1094,MTRSLL1S402,신림선
1015,회기,1067,MTRKRK2K118,경춘
1015,회기,1063,MTRKRK4K118,경의중앙
1019,광운대,1067,MTRKRK2119,경춘
1713,수원,1075,MTRKRK1K245,수인분당
1755,한대앞,1075,MTRKRK1K251,수인분당
1756,중앙,1075,MTRKRK1K252,수인분당
1757,고잔,1075,MTRKRK1K253,수인분당
1758,초지,1075,MTRKRK1K254,수인분당
1758,초지,1093,MTRSWWSS26,서해선
1759,안산,1075,MTRKRK1K255,수인분당
1761,정왕,1075,MTRKRK1K257,수인분당
1762,오이도,1075,MTRKRK1K258,수인분당
1812,인천,1075,MTRKRK1K272,수인분당
1814,소사,1093,MTRSWWSS16,서해선
1953,대곡,1063,MTRKRK4K322,경의중앙
1953,대곡,1093,MTRKRWSS11,서해선
2513,김포공항,1065,MTRARA1A05,공항
2513,김포공항,1093,MTRKRWSS13,서해선
2530,공덕,1065,MTRARA1A02,공항
2530,공덕,1063,MTRKRK4K312,경의중앙
2619,디지털미디어시티,1065,MTRARA1A04,공항
2619,디지털미디어시티,1063,MTRKRK4K316,경의중앙
2628,효창공원앞,1063,MTRKRK4K311,경의중앙
2639,보문,1092,MTRUIUIS121,우이신설
2649,신내,1067,MTRKRK2P122,경춘
2722,상봉,1067,MTRKRK2K120,경춘
2722,상봉,1063,MTRKRK4K120,경의중앙
2732,강남구청,1075,MTRKRK1K213,수인분당
2734,논현,1077,MTRDXD1D005,신분당
2744,보라매,1094,MTRSLL1S404,신림선
2805,별내,1067,MTRKRK2P124,경춘
2808,구리,1063,MTRKRK4K123,경의중앙
2821,복정,1075,MTRKRK1K222,수인분당
2827,모란,1075,MTRKRK1K225,수인분당
3754,부천종합운동장,1093,MTRKRWSS15,서해선
4105,마곡나루,1065,MTRARA1A042,공항
4116,샛강,1094,MTRSLL1S401,신림선
4125,신논현,1077,MTRDXD1D006,신분당
4127,선정릉,1075,MTRKRK1K214,수인분당
1851,가천대,1075,MTRKRK1K223,수인분당
1027,개포동,1075,MTRKRK1K219,수인분당
1028,대모산입구,1075,MTRKRK1K220,수인분당
1009,서빙고,1063,MTRKRK4K112,경의중앙
1855,서현,1075,MTRKRK1K228,수인분당
1856,수내,1075,MTRKRK1K229,수인분당
1854,야탑,1075,MTRKRK1K226,수인분당
1012,응봉,1063,MTRKRK4K115,경의중앙
1502,이매,1075,MTRKRK1K227,수인분당
1502,이매,1081,MTRKRK5K411,경강
1852,태평,1075,MTRKRK1K224,수인분당
1010,한남,1063,MTRKRK4K113,경의중앙
1024,한티,1075,MTRKRK1K216,수인분당
1026,구룡,1075,MTRKRK1K218,수인분당
1201,중랑,1067,MTRKRK2K119,경춘
1201,중랑,1063,MTRKRK4K119,경의중앙
1203,망우,1067,MTRKRK2K121,경춘
1203,망우,1063,MTRKRK4K121,경의중앙
1206,도농,1063,MTRKRK4K124,경의중앙
1207,양정,1063,MTRKRK4K125,경의중앙
1208,덕소,1063,MTRKRK4K126,경의중앙
1209,도심,1063,MTRKRK4K127,경의중앙
1210,팔당,1063,MTRKRK4K128,경의중앙
1211,운길산,1063,MTRKRK4K129,경의중앙
1212,양수,1063,MTRKRK4K130,경의중앙
1213,신원,1063,MTRKRK4K131,경의중앙
1214,국수,1063,MTRKRK4K132,경의중앙
1215,아신,1063,MTRKRK4K133,경의중앙
1216,오빈,1063,MTRKRK4K134,경의중앙
1217,양평,1063,MTRKRK4K135,경의중앙
1218,원덕,1063,MTRKRK4K136,경의중앙
1219,용문,1063,MTRKRK4K137,경의중앙
1220,지평,1063,MTRKRK4K138,경의중앙
1252,신촌,1063,MTRKRK4P314,경의중앙
1263,서강대,1063,MTRKRK4K313,경의중앙
1265,가좌,1063,MTRKRK4K315,경의중앙
1267,수색,1063,MTRKRK4K317,경의중앙
1268,한국항공대,1063,MTRKRK4K318,경의중앙
1269,강매,1063,MTRKRK4K319,경의중앙
1270,행신,1063,MTRKRK4K320,경의중앙
1271,능곡,1063,MTRKRK4K321,경의중앙
1271,능곡,1093,MTRKRWSS12,서해선
1272,곡산,1063,MTRKRK4K323,경의중앙
1272,곡산,1093,MTRKRWSS10,서해선
1273,백마,1063,MTRKRK4K324,경의중앙
1273,백마,1093,MTRKRWSS09,서해선
1274,풍산,1063,MTRKRK4K325,경의중앙
1274,풍산,1093,MTRKRWSS08,서해선
1275,일산,1063,MTRKRK4K326,경의중앙
1275,일산,1093,MTRKRWSS07,서해선
1276,탄현,1063,MTRKRK4K327,경의중앙
1277,야당,1063,MTRKRK4K328,경의중앙
1278,운정,1063,MTRKRK4K329,경의중앙
1279,금릉,1063,MTRKRK4K330,경의중앙
1280,금촌,1063,MTRKRK4K331,경의중앙
1282,월롱,1063,MTRKRK4K333,경의중앙
1283,파주,1063,MTRKRK4K334,경의중앙
1284,문산,1063,MTRKRK4K335,경의중앙
1285,임진강,1063,MTRKRK4K337,경의중앙
1286,운천,1063,MTRKRK4K336,경의중앙
1312,갈매,1067,MTRKRK2P123,경춘
1314,퇴계원,1067,MTRKRK2P125,경춘
1315,사릉,1067,MTRKRK2P126,경춘
1316,금곡,1067,MTRKRK2P127,경춘
1317,평내호평,1067,MTRKRK2P128,경춘
1318,천마산,1067,MTRKRK2P129,경춘
1319,마석,1067,MTRKRK2P130,경춘
1320,대성리,1067,MTRKRK2P131,경춘
1321,청평,1067,MTRKRK2P132,경춘
1322,상천,1067,MTRKRK2P133,경춘
1323,가평,1067,MTRKRK2P134,경춘
1324,굴봉산,1067,MTRKRK2P135,경춘
1325,백양리,1067,MTRKRK2P136,경춘
1326,강촌,1067,MTRKRK2P137,경춘
1327,김유정,1067,MTRKRK2P138,경춘
1328,남춘천,1067,MTRKRK2P139,경춘
1329,춘천,1067,MTRKRK2P140,경춘
1501,판교,1077,MTRDXD1D011,신분당
1501,판교,1081,MTRKRK5K409,경강
1503,삼동,1081,MTRKRK5K412,경강
1504,경기광주,1081,MTRKRK5K413,경강
1505,초월,1081,MTRKRK5K414,경강
1506,곤지암,1081,MTRKRK5K415,경강
1507,신둔도예촌,1081,MTRKRK5K416,경강
1508,이천,1081,MTRKRK5K417,경강
1509,부발,1081,MTRKRK5K418,경강
1510,세종대왕릉,1081,MTRKRK5K419,경강
1511,여주,1081,MTRKRK5K420,경강
1512,성남,1081,MTRKRK5K410,경강
1847,서울숲,1075,MTRKRK1K211,수인분당
1848,압구정로데오,1075,MTRKRK1K212,수인분당
1857,정자,1077,MTRDXD1D012,신분당
1857,정자,1075,MTRKRK1K230,수인분당
1858,미금,1077,MTRDXD1D013,신분당
1858,미금,1075,MTRKRK1K231,수인분당
1859,오리,1075,MTRKRK1K232,수인분당
1861,보정,1075,MTRKRK1K234,수인분당
1862,죽전,1075,MTRKRK1K233,수인분당
1863,구성,1075,MTRKRK1K235,수인분당
1864,신갈,1075,MTRKRK1K236,수인분당
1865,기흥,1075,MTRKRK1K237,수인분당
1866,상갈,1075,MTRKRK1K238,수인분당
1867,청명,1075,MTRKRK1K239,수인분당
1868,영통,1075,MTRKRK1K240,수인분당
1869,망포,1075,MTRKRK1K241,수인분당
1870,매탄권선,1075,MTRKRK1K242,수인분당
1871,수원시청,1075,MTRKRK1K243,수인분당
1872,매교,1075,MTRKRK1K244,수인분당
1873,고색,1075,MTRKRK1K246,수인분당
1874,오목천,1075,MTRKRK1K247,수인분당
1875,어천,1075,MTRKRK1K248,수인분당
1876,야목,1075,MTRKRK1K249,수인분당
1877,사리,1075,MTRKRK1K250,수인분당
1878,달월,1075,MTRKRK1K259,수인분당
1879,월곶,1075,MTRKRK1K260,수인분당
1880,소래포구,1075,MTRKRK1K261,수인분당
1881,인천논현,1075,MTRKRK1K262,수인분당
1882,호구포,1075,MTRKRK1K263,수인분당
1883,남동인더스파크,1075,MTRKRK1K264,수인분당
1884,원인재,1075,MTRKRK1K265,수인분당
1885,연수,1075,MTRKRK1K266,수인분당
1886,송도,1075,MTRKRK1K267,수인분당
1888,인하대,1075,MTRKRK1K269,수인분당
1889,숭의,1075,MTRKRK1K270,수인분당
1890,신포,1075,MTRKRK1K271,수인분당
1981,원종,1093,MTRKRWSS14,서해선
4805,소새울,1093,MTRSWWSS17,서해선
4806,시흥대야,1093,MTRSWWSS18,서해선
4807,신천,1093,MTRSWWSS19,서해선
4808,신현,1093,MTRSWWSS20,서해선
4809,시흥시청,1093,MTRSWWSS22,서해선
4810,시흥능곡,1093,MTRSWWSS23,서해선
4811,달미,1093,MTRSWWSS24,서해선
4812,선부,1093,MTRSWWSS25,서해선
4814,시우,1093,MTRSWWSS27,서해선
4815,원시,1093,MTRSWWSS28,서해선
9013,도라산,1063,MTRKRK4K338,경의중앙
9014,양원,1063,MTRKRK4K122,경의중앙
A06,계양,1065,MTRARA1A06,공항
A07,검암,1065,MTRARA1A07,공항
A071,청라국제도시,1065,MTRARA1A071,공항
A072,영종,1065,MTRARA1A072,공항
A08,운서,1065,MTRARA1A08,공항
A09,공항화물청사,1065,MTRARA1A09,공항
A10,인천공항1터미널,1065,MTRARA1A10,공항
A11,인천공항2터미널,1065,MTRARA1A11,공항
D009,양재시민의숲,1077,MTRDXD1D009,신분당
D010,청계산입구,1077,MTRDXD1D010,신분당
D014,동천,1077,MTRDXD1D014,신분당
D015,수지구청,1077,MTRDXD1D015,신분당
D016,성복,1077,MTRDXD1D016,신분당
D017,상현,1077,MTRDXD1D017,신분당
D018,광교중앙,1077,MTRDXD1D018,신분당
D019,광교,1077,MTRDXD1D019,신분당
S110,북한산우이,1092,MTRUIUIS110,우이신설
S111,솔밭공원,1092,MTRUIUIS111,우이신설
S112,4.19민주묘지,1092,MTRUIUIS112,우이신설
S113,가오리,1092,MTRUIUIS113,우이신설
S114,화계,1092,MTRUIUIS114,우이신설
S115,삼양,1092,MTRUIUIS115,우이신설
S116,삼양사거리,1092,MTRUIUIS116,우이신설
S117,솔샘,1092,MTRUIUIS117,우이신설
S118,북한산보국문,1092,MTRUIUIS118,우이신설
S119,정릉,1092,MTRUIUIS119,우이신설
S403,서울지방병무청,1094,MTRSLL1S403,신림선
S405,보라매공원,1094,MTRSLL1S405,신림선
S406,보라매병원,1094,MTRSLL1S406,신림선
S407,당곡,1094,MTRSLL1S407,신림선
S409,서원,1094,MTRSLL1S409,신림선
S410,서울대벤처타운,1094,MTRSLL1S410,신림선
S411,관악산,1094,MTRSLL1S411,신림선
