node_id,lat,lng,station_name_raw
2090036,34.75393973,127.74899261,여수엑스포역(고속)
2090041,34.75400223,127.74869198,여수엑스포역(일반)
2070038,34.76109843,127.17106384,득량
2070039,34.76662354,127.08188719,보성
2090040,34.77912692,127.66385437,여천역(일반)
2090033,34.7794418,127.66388938,여천역(고속)
2070037,34.77825443,127.20229096,예당
2045002,34.77371486,126.41848221,대불
2070040,34.79624047,127.0738167,광곡
2040050,34.79586774,126.38943334,목포역(일반)
2040041,34.79589861,126.3897015,목포역(고속)
2070036,34.80650314,127.24839413,조성
2092001,34.81232589,127.62766667,덕양
2092002,34.81651864,127.67654927,흥국사
2040040,34.82036095,126.43620429,임성리
2070041,34.82840393,127.07538212,명봉
2070034,34.84174622,127.416149,구룡(경전)
2070035,34.84180306,127.34579317,벌교
2092003,34.85665121,127.71110058,적량
2045001,34.84832444,126.47730659,일로
2070033,34.86407078,127.44738805,원창
2090030,34.87529947,127.57641287,율촌
2070042,34.8907548,126.99016528,이양
2075001,34.9028904,127.65592919,신광양항
2072003,34.91905975,127.66233461,황길
2073002,34.92236237,127.6854534,광양항
2090029,34.92490075,127.54613568,성산
2072002,34.92718221,127.60986371,초남
2072004,34.93003747,127.71849887,태금
2040038,34.92965306,126.5038896,몽탄
2070052,34.94278134,127.55059492,평화
2090028,34.94629553,127.50419293,순천역(고속)
2090039,34.94647715,127.50248884,순천역(일반)
2070031,34.95622698,127.58762914,광양
2040037,34.96242865,126.51754148,무안
2070043,34.98530386,126.96446579,능주
2090027,35.00820018,127.47912263,동운
2070028,35.01638463,127.71983773,진상
2040049,35.01357532,126.71746869,나주역(일반)
2040033,35.01378309,126.7172346,나주역(고속)
2040034,35.01633435,126.6411018,다시
2090026,35.02726323,127.45302015,개운
2040035,35.0242922,126.60812304,고막원
2040036,35.02358865,126.53928052,함평
2101040,35.0482339,128.96603388,다대포해수욕장
2070044,35.05114362,126.96253457,화순
2101039,35.05753513,128.9713166,다대포항
2070045,35.05725221,126.87181305,남평
4100901,35.06321205,127.7612246,하동
2101038,35.06516057,128.9796327,낫개
2040032,35.06644598,126.74269514,노안
2101037,35.07482813,128.97671096,신장림
2080100,35.07852691,128.83501375,남철송장
2079001,35.08301212,128.81905479,북철송장
2101036,35.08221035,128.97736672,장림
2101035,35.08985669,128.97351985,동매
2090025,35.09611242,127.42768597,괴목
2101001,35.09526338,128.96076343,신평
2101010,35.09720748,129.02616239,자갈치
2101011,35.09788486,129.03489522,남포(부산1)
4100902,35.10235554,127.80325197,횡천
2101004,35.09975377,128.9833398,사하
2101005,35.09987756,128.99250792,괴정
2101006,35.10326878,129.00019952,대티
2101003,35.10359218,128.97358604,당리
2101009,35.10348697,129.01998802,토성
2101012,35.10501125,129.0362532,중앙(부산1)
2070046,35.10454481,126.87773358,효천
2101002,35.10615102,128.9669558,하단
2401001,35.10671897,126.9344217,녹동(광주1)
4100903,35.11169327,127.88856463,북천
2111003,35.10812357,129.0835167,신선대
2101008,35.11003865,129.01792183,동대신
2101007,35.1108673,129.01214529,서대신
2076002,35.11483148,128.84631404,부산신항
2101013,35.11438073,129.03924789,부산역(부산1)
2010105,35.11515565,129.04156191,부산역(일반)
2010095,35.11515374,129.04283289,부산역(고속)
2101014,35.12116587,129.04298873,초량
2401021,35.12053072,126.76047733,옥동차량기지
2401002,35.12358427,126.93233139,소태
2111002,35.12464383,129.07442465,우암
2070047,35.12479201,126.84716853,서광주
2401020,35.12482916,126.76826163,평동
2101015,35.12856436,129.04870631,부산진(부산1)
2070022,35.13435098,127.97728572,완사
2111001,35.13017292,129.05194188,부산진(경부)
2401019,35.13163589,126.78770952,도산
2401003,35.13319076,126.92813134,학동.증심사입구
2101016,35.1338476,129.05392762,좌천(부산1)
2102014,35.13467712,129.08409487,못골
2102013,35.13510369,129.09189188,대연
2102015,35.13553907,129.0743864,지게골
2102012,35.13740036,129.10008401,경성대.부경대
2401018,35.13754267,126.79139589,광주송정역(광주1)
2102016,35.13901202,129.06733457,문현
2040048,35.13803685,126.7906357,광주송정역(일반)
2040031,35.138153,126.79015186,광주송정역(고속)
2401004,35.13941512,126.92285939,남광주
2101017,35.14162081,129.05933534,범일역(부산1)
2102011,35.14217559,129.10801712,남천
2401015,35.14322206,126.84126447,김대중컨벤션센터
2401017,35.14364511,126.79919129,송정공원
2401016,35.14399188,126.81156668,공항(광주1)
2070020,35.14990607,128.11864279,진주역(고속)
2044002,35.14404216,126.79983917,분기(북송정삼각선_경전)
2110002,35.14541212,129.05728701,범일역(일반)
2102017,35.14557278,129.06674266,국제금융센터.부산은행
2070057,35.15022203,128.11851819,진주역(일반)
2074001,35.14475893,126.81090287,분기(광주선)
2070048,35.14517807,126.81731633,동송정
2090024,35.15002781,127.46159627,봉덕
2040030,35.14541188,126.79686238,북송정
2401005,35.14665692,126.91981583,문화전당
2101018,35.14728545,129.05922434,범내골
2401014,35.14674135,126.84870813,상무
2102024,35.15046937,129.00285438,주례
2401006,35.15015891,126.91523546,금남로4가
2102010,35.15028337,129.11109828,금련산
2071006,35.15362312,128.66011964,진해
2102023,35.15121941,129.01166108,냉정
2071007,35.1539206,128.64010215,통해
2044001,35.14983049,126.79719385,분기(북송정삼각선_호남)
2401013,35.15051924,126.85867579,운천(광주1)
2401012,35.15156883,126.86954783,쌍촌
2401009,35.15187813,126.8955635,돌고개
2401011,35.15196388,126.87670992,화정(광주1)
2102018,35.15283669,129.06552859,전포
2102022,35.15330144,129.02042438,개금
2102021,35.15388103,129.03232655,동의대
2401010,35.15328719,126.88370327,농성
2401007,35.1537225,126.90992741,금남로5가
2401008,35.15436287,126.90135904,양동시장
2102025,35.15565432,128.99104275,감전
2102020,35.15602765,129.04348334,가야역(부산2)
2071005,35.15918887,128.68697368,경화
2102019,35.15736899,129.05009729,부암
2102043,35.1576543,129.05862809,서면역(부산2)
2102009,35.15724751,129.11307039,광안
2101019,35.15822644,129.05948962,서면역(부산1)
2090023,35.16300528,127.4525045,구례구역(고속)
2090043,35.16309758,127.45267907,구례구역(일반)
2022003,35.16046638,129.03962083,가야역(일반)
2105022,35.16236504,128.98623194,사상역(김해)
2022001,35.16256816,128.98880756,사상역(일반)
2101020,35.16196175,129.06250271,부전역(부산1)
2102026,35.1626954,128.98443472,사상역(부산2)
2105001,35.16312895,128.97879134,괘법르네시떼
2102004,35.16164919,129.14772843,동백(부산2)
2110118,35.16386109,129.05901282,부전역(일반)
2110003,35.164051,129.05967908,부전역(동해)
2102003,35.16362824,129.15889565,해운대
2105002,35.16638665,128.95481616,서부산유통지구
2074003,35.16579068,126.90940857,광주
2102008,35.16627378,129.11494957,수영역(부산2)
2102002,35.16668166,129.16794825,중동(부산2)
2102007,35.16724121,129.12190122,민락
2103017,35.16757,129.11486643,수영역(부산3)
2102006,35.16895541,129.13183642,센텀시티
2102005,35.16898032,129.13882762,벡스코역(부산2)
2070015,35.17478954,128.25802398,반성
2105003,35.1718803,128.94856093,공항
2102001,35.16989543,129.17684676,장산
2103001,35.17138788,129.10884371,망미
2110042,35.17156455,129.13601853,벡스코역(동해)
2101021,35.17293254,129.07123247,양정(부산1)
2102027,35.17396774,128.98397654,덕포
2103002,35.17345227,129.09581834,배산
2040029,35.17456159,126.79625078,하남
2074002,35.17542545,126.82930464,극락강
2103003,35.1762505,129.08583632,물만골
2101022,35.17931163,129.07625112,시청(부산1)
2010123,35.17945517,129.12468484,센텀역(일반)
2102028,35.18094364,128.98569465,모덕
4100372,35.1797394,129.1240973,센텀역(동해)
2105004,35.18195717,128.954129,덕두
4100366,35.18132173,129.06895121,거제해맞이
4100374,35.18182267,129.17665244,신해운대역(동해)
2010119,35.18195012,129.17671918,신해운대역(일반)
2071004,35.18798194,128.69213441,성주사
2101023,35.18577939,129.08140192,연산역(부산1)
2103015,35.18583981,129.08189353,연산역(부산3)
2102029,35.1892281,128.98840395,모라
2103004,35.18852828,129.07403952,거제역(부산3)
4100371,35.18811377,129.12008255,재송
4100375,35.18769465,129.20201694,송정(동해)
4100367,35.18967119,129.07437278,거제역(동해)
2103005,35.19107503,129.06742086,종합운동장(부산3)
4100368,35.1936313,129.07935457,교대역(동해)
2090022,35.19811939,127.37374208,압록
2105005,35.19618188,128.96350634,등구
2101041,35.19565516,129.07998983,교대역(부산1)
2102030,35.19664239,128.99479869,구남
4100370,35.19587999,129.10406092,안락
2110041,35.19603495,129.20797176,오시리아
4100369,35.19720698,129.09128531,동래(동해)
2103006,35.19910459,129.06492372,사직
2104003,35.19979304,129.09762339,충렬사
2071003,35.203101,128.65880575,남창원
2104002,35.20021963,129.09083764,낙민
2104001,35.20169456,129.08383508,수안
2102031,35.20270683,128.99945046,구명
2010107,35.20510716,128.99750765,구포역(일반)
2010092,35.20535068,128.99714913,구포역(고속)
2104015,35.2047409,129.07726662,동래역(부산4)
2103007,35.20553887,129.06810499,미남역(부산3)
2104004,35.20526496,129.10179668,명장
2101025,35.20580807,129.07846083,동래역(부산1)
2103011,35.20681983,128.99705319,구포역(부산3)
2104016,35.2067022,129.06893293,미남역(부산4)
2076001,35.2102019,128.82210294,장유
2103016,35.21024201,129.00587828,덕천역(부산3)
2102032,35.21068035,129.00507546,덕천역(부산2)
2103012,35.21112024,128.98160449,강서구청
2103013,35.21249295,128.9693785,체육공원
2103010,35.21220064,129.01388097,숙등
2105021,35.21304887,128.96059092,대저역(김해)
2103014,35.21332771,128.96093171,대저역(부산3)
2103008,35.212954,129.03653226,만덕
2101026,35.21259712,129.07991828,명륜
2103009,35.21333191,129.0242903,남산정
2105006,35.2139774,128.95075485,평강
2104005,35.21317606,129.10753446,서동
2104006,35.21580638,129.11514022,금사
2105007,35.21762111,128.93842149,대사
2104007,35.21771514,129.12397595,반여농산물시장
2104008,35.2181539,129.13696535,석대
2040028,35.21775294,126.74551927,임곡
2101027,35.22022003,129.08661803,온천장
2105008,35.22210799,128.92793546,불암
2102033,35.22353979,129.00940044,수정
2105013,35.22650761,128.88392216,부원
2105012,35.22707265,128.89042235,김해시청
2105014,35.22731024,128.8739892,봉황
2105009,35.22742073,128.92381472,지내
2104009,35.22567395,129.1461862,영산대
2105011,35.22805907,128.90176191,인제대
2105010,35.22903891,128.9155462,김해대학
2101028,35.22959537,129.08947813,부산대
2071002,35.23318011,128.63979259,신창원
2105015,35.23272357,128.87205866,수로왕릉
2070054,35.23626928,128.57676454,마산역(일반)
2104010,35.23248289,129.15397883,동부산대학
2070007,35.23662968,128.57644645,마산역(고속)
2010091,35.23513633,129.00787119,화명(경부)
2102034,35.23536021,129.01390014,화명(부산2)
2104011,35.23600546,129.16036469,고촌(부산4)
2104012,35.2373276,129.171773,안평(부산4)
2105016,35.23996434,128.87176718,박물관
2101029,35.23821984,129.08819297,장전
2070056,35.2426749,128.70155026,창원중앙역(일반)
2070050,35.24274442,128.70173151,창원중앙역(고속)
2104013,35.24069219,129.17648819,안평기지간이승강장
2104014,35.24390684,129.17906487,반송차량기지
2010122,35.24372235,129.21898846,기장역(일반)
2070010,35.24934488,128.42469509,함안
2102035,35.24631186,129.01294759,율리
4100377,35.24463141,129.21881804,기장역(동해)
2070008,35.25002384,128.51853327,중리
2101030,35.24717349,129.09125593,구서
2070011,35.25210299,128.35183016,군북
2105017,35.24962446,128.86922344,연지공원
2070053,35.25754589,128.60675743,창원역(일반)
2070006,35.25793721,128.60622159,창원역(고속)
2101031,35.25714818,129.09140827,두실
2105018,35.25953802,128.86731818,장신대
2102036,35.25885006,129.01291078,동원
2070049,35.26653808,128.76273538,진례
2105019,35.26679259,128.86517299,가야대
2101032,35.26517409,129.09244877,남산(부산1)
2102037,35.26717652,129.01707692,금곡(부산2)
4100378,35.26649136,129.2329982,일광
2070051,35.27125949,128.63802254,용강
2105020,35.27461873,128.86386235,신명차량기지
2101033,35.27307136,129.09267659,범어사
2077001,35.281502,128.6885258,덕산
2102038,35.28057394,129.01698963,호포
2090042,35.28360953,127.30418742,곡성역(일반)
2090021,35.28370391,127.30388208,곡성역(고속)
2101034,35.28276502,129.09457993,노포
2070055,35.29864018,128.77372277,진영역(일반)
2070004,35.29876231,128.77340538,진영역(고속)
2040027,35.29923861,126.77984698,장성역(일반)
2023002,35.30332954,129.01188822,양산화물
2023001,35.30683806,128.98513555,물금역(일반)
2102042,35.30832595,129.0102954,증산(부산2)
2102041,35.31701623,129.01421185,부산대양산캠퍼스
2046002,35.3174717,126.75325029,장성화물
2070003,35.32237149,128.80384032,한림정
2102039,35.32536044,129.01951184,남양산
2090020,35.32874291,127.28996855,금지
2046001,35.33254309,126.77985886,안평(호남)
2102040,35.33877365,129.02639115,양산
2090019,35.36103211,127.29806648,옹정
2010089,35.36339581,128.91967981,원동
2090018,35.37658573,127.31720974,주생
2070002,35.38980647,128.83240074,낙동강
2070001,35.39890915,128.84343992,삼랑진
2021001,35.40045288,128.8266691,미전
2090038,35.41117401,127.36057846,남원역(고속)
2090017,35.4122372,127.36146495,남원역(일반)
2113002,35.42671696,129.35107871,온산
2040025,35.431719,126.80810507,백양사
2090016,35.44032323,127.36259319,산성(전라)
2010086,35.47467415,128.7712282,밀양역(고속)
2010106,35.47497561,128.77144242,밀양역(일반)
2090015,35.49134255,127.3316446,서도
2040024,35.48864863,126.79993474,노령
2114002,35.50846401,129.35145403,장생포
2115002,35.51079272,129.37508978,울산항
2040023,35.52565123,126.8192985,천원
2090014,35.5431304,127.32027058,오수
2110022,35.53955069,129.35503738,태화강역(동해)
1010006,35.55069033,129.13827761,울산
2010085,35.55637443,128.76073982,상동(경부)
2040047,35.57566748,126.84269605,정읍역(일반)
2040022,35.57592749,126.84215381,정읍역(고속)
2090013,35.57974133,127.31420342,봉천(전라)
2010084,35.59911296,128.76611033,신거
2090012,35.63309812,127.29033169,임실
2010083,35.64035419,128.74592735,청도
2040021,35.64095103,126.87753042,초강
2090011,35.66232429,127.2768581,관촌
2040020,35.68783791,126.88425755,신태인
2010082,35.70510304,128.71683577,남성현
2090010,35.73309979,127.2290926,죽림온천
2040019,35.73316946,126.8975636,감곡
2010081,35.76334269,128.72228944,삼성(경부)
2090009,35.7713118,127.20854268,신리
2040018,35.79288022,126.90422715,김제역(일반)
4100327,35.798712,128.48931633,설화명곡
1010008,35.79840766,129.13937414,경주역(고속)
4100326,35.80470582,128.50123969,화원
2201001,35.80937617,128.5122707,대곡(대구1)
2201002,35.81386196,128.52265269,진천
2201003,35.81652393,128.53111138,월배
2190028,35.81825189,128.64665721,용지
2201004,35.81899335,128.53782833,상인
2010108,35.81993047,128.72736811,경산역(일반)
2010080,35.82014813,128.72676378,경산역(고속)
2190027,35.82076941,128.64006185,범물
2201005,35.82370947,128.54549014,월촌
2190026,35.8251851,128.63189779,지산
2201006,35.83126845,128.55192726,송현
2190025,35.83135661,128.62319982,수성못
1330001,35.82892284,129.08533061,분기(건천연결선)
2202026,35.83406945,128.72854642,정평
2202027,35.83414613,128.74102164,임당
2202028,35.8363077,128.75288597,영남대
2201007,35.83745731,128.55739414,서부정류장
2202025,35.83695224,128.71569739,사월
2201009,35.83918325,128.5742979,안지랑
2201008,35.83924448,128.56460106,대명
2190024,35.83935577,128.62407109,황금
2201010,35.84109455,128.58171018,현충로
2202024,35.84086593,128.70486017,신매
2202022,35.84267862,128.68014365,수성알파시티
2202023,35.84297893,128.69285151,고산
2201011,35.84442476,128.58856065,영대병원
2190023,35.84547528,128.62455517,어린이회관
2202021,35.84737824,128.67013937,연호
2202008,35.84891566,128.52760577,용산(대구2)
2202009,35.85022377,128.5372409,죽전(대구2)
2202007,35.85075399,128.51577005,이곡
2202005,35.85137614,128.49188239,계명대
2201012,35.85096967,128.59055705,교대(대구1)
2040017,35.84801854,126.94124418,와룡
2090007,35.84989335,127.16255567,전주역(고속)
2090037,35.8499489,127.16205167,전주역(일반)
2202006,35.85181762,128.50717913,성서산단
2202004,35.8530163,128.47811345,강창
2190022,35.85276326,128.62499148,수성구민운동장
2020001,35.85356276,128.69415344,가천
2202010,35.85437884,128.54816281,감삼
2190021,35.85433047,128.6162536,수성시장
2190020,35.85500738,128.60614665,대봉교
2202020,35.85488986,128.6538648,담티
2190019,35.85542994,128.59937259,건들바위
2190018,35.85663386,128.5832877,남산(대구3)
2202003,35.85729183,128.46546327,대실
2190030,35.85700141,128.59038528,명덕역(대구3)
2202011,35.8577769,128.55750883,두류
2201013,35.8579305,128.59111572,명덕역(대구1)
2010078,35.85852388,128.67879703,고모
2202018,35.85883911,128.63576118,수성구청
2202019,35.85891043,128.64437048,만촌
2202017,35.85924221,128.62458983,범어
2202012,35.86002516,128.56468942,내당
2202016,35.85979692,128.61411709,대구은행
2202013,35.86203542,128.57240458,반고개
2020002,35.86211751,128.73768511,금강
2202015,35.86322934,128.60261853,경대병원
2202001,35.86398944,128.43716504,문양
2190029,35.86422099,128.58236496,청라언덕역(대구3)
2202002,35.86487055,128.4583255,다사
2201014,35.86444963,128.59333251,반월당역(대구1)
2202014,35.86493538,128.58249869,청라언덕역(대구2)
2202029,35.86537263,128.59411063,반월당역(대구2)
2201028,35.86599047,128.7135499,반야월
2201027,35.86674769,128.7016459,신기(대구1)
2091002,35.86574533,127.09883756,북전주
2201029,35.86786635,128.72383199,각산
1010005,35.86755246,128.66849664,분기(대구남연결선)
2190017,35.86968091,128.58229085,서문시장
2201026,35.86996035,128.69262808,율하
2201015,35.87101807,128.59399844,중앙로(대구1)
2201030,35.87113123,128.73345101,안심
1010004,35.8725677,128.65585159,분기(대구남연결선)
2201018,35.87461929,128.61760379,신천(대구1)
2190016,35.87562834,128.58205704,달성공원
2010076,35.87575045,128.59550164,대구역(일반)
2201017,35.87619244,128.60511466,칠성시장
2201016,35.87635589,128.59705126,대구역(대구1)
2201025,35.87630588,128.68137685,용계
2201019,35.87762088,128.62797332,동대구역(대구1)
2091001,35.87597687,127.08545911,동산
2040016,35.87603243,126.94417496,부용
2010126,35.87908449,128.62859218,동대구역(일반)
2010077,35.879709,128.62831962,동대구역(고속)
2201024,35.87966726,128.67015,방촌
2020003,35.87995882,128.76791469,청천
2190015,35.88385123,128.58150076,북구청
2201023,35.88356886,128.65968177,해안
2201020,35.88438481,128.63218757,동구청
2201022,35.88619386,128.65030312,동촌
2201021,35.88702684,128.63947271,아양교
2190014,35.88792656,128.57428828,원대
2190013,35.88883984,128.56794174,팔달시장
2190012,35.88986929,128.56102362,만평
2190011,35.89203917,128.55369428,공단
2190010,35.89785805,128.54666798,팔달
2010075,35.89810697,128.49977795,지천
2190009,35.9045501,128.54574913,매천시장
2090004,35.90556313,127.06492464,삼례
2020004,35.90974481,128.81875216,하양역(일반)
2190008,35.91274772,128.54336395,매천
2190007,35.9197483,128.54745606,태전
2084002,35.91786047,126.6673064,옥구
2090002,35.92112817,126.95687004,동익산
2190006,35.92591271,128.55039038,구암(대구3)
2190005,35.93153834,128.55456487,칠곡운암
2020005,35.9312622,128.86679816,금호(대구)
2190004,35.93771999,128.5567274,동천(대구3)
1014001,35.93855259,128.48883856,분기(대구북연결선)
2190003,35.94432932,128.55848244,팔거
2040015,35.94153906,126.94633628,익산역(고속)
2040043,35.94169194,126.94526202,익산역(일반)
2080029,35.94459332,126.82398108,대야
2190002,35.95163532,128.55924104,학정
2025001,35.95343613,128.44948963,신동화물
2010073,35.95543264,128.48608311,신동
2080028,35.95147561,126.79201067,분기(군산화물선)
2190001,35.95868503,128.55989516,칠곡경대병원
1014002,35.96056591,128.49756815,분기(대구북연결선)
2020008,35.95891278,128.93947133,영천역(일반)
2010072,35.96524071,128.44722522,연화
2083002,35.96265951,126.76449467,개정
2124001,35.96642795,128.91695902,북영천
2083003,35.98170906,126.72125255,군산화물
2010071,35.99311122,128.40059177,왜관역(일반)
2040014,35.99988365,126.94296153,황등
2116002,35.99671093,129.37668848,괴동
2080027,35.99902119,126.76049851,군산
2110036,36.00796161,129.33245867,효자(괴동)
2010070,36.03767693,128.36411656,약목
2080026,36.03992542,126.71406969,장항
2110043,36.07125428,129.34273262,포항역(일반)
2110037,36.07183398,129.34190133,포항역(고속)
2040013,36.07999492,126.95689794,함열
2080025,36.08062675,126.70837483,서천
1010007,36.11299746,128.18059758,김천구미
2040012,36.10901017,126.99078111,용동
2140001,36.12432885,128.11488407,김천
2010064,36.12524363,128.03918256,직지사
2041002,36.12339637,127.08865416,연무대
2010068,36.12831186,128.33075111,구미역(일반)
2010066,36.15232313,128.19631123,대신
2040011,36.15368215,127.01599894,강경
2010067,36.1583365,128.25704386,아포
2010063,36.16302991,128.01020049,신암
2080024,36.1560034,126.67968404,판교
2040010,36.16301645,127.04925113,채운
2010060,36.17227837,127.78673501,영동
2010059,36.20803158,127.72566619,각계
2040046,36.20682348,127.09284854,논산역(일반)
2040009,36.20701919,127.09272225,논산역(고속)
4009016,36.20407154,129.36644811,월포
2010062,36.21316349,127.99596586,추풍령
2040007,36.21205482,127.20091857,연산(호남)
1017001,36.21482303,127.72582942,분기(영동기지)
1017002,36.21907015,127.72508539,영동기지
2010061,36.22416332,127.9113964,황간
2040008,36.22507765,127.15300903,부황
2010058,36.23740029,127.72021007,심천
2010057,36.24167099,127.67640748,지탄
2040006,36.24167263,127.22705363,개태사
2010056,36.24377903,127.61819158,이원
2040004,36.25594779,127.33945718,흑석리
1013002,36.26213833,127.57306302,분기(대전남연결선)
2040045,36.27283657,127.26556036,계룡역(일반)
2040005,36.2729939,127.26573083,계룡역(고속)
2140002,36.28319878,128.09527131,옥산
1013001,36.28596541,127.57206253,분기(대전남연결선)
4009015,36.28442006,129.36918021,장사
2010054,36.29783259,127.56545501,옥천
2040003,36.29946121,127.35691459,가수원
2501001,36.31696948,127.45771211,판암
2501002,36.32023736,127.44748404,신흥(대전1)
2080021,36.31376125,126.59555085,남포(장항)
2501007,36.32247608,127.41234691,서대전네거리
2040044,36.32273233,127.40312879,서대전역(일반)
2040002,36.32289377,127.40272749,서대전역(고속)
2501006,36.32462317,127.41914211,중구청
2501005,36.32863667,127.4257365,중앙로(대전1)
2501008,36.3286675,127.40492876,오룡
2501003,36.32925864,127.44289178,대동
2501004,36.33120051,127.43265802,대전역(대전1)
2019001,36.33216261,127.43414908,대전역(일반)
2010104,36.33225846,127.43460915,대전역(고속)
2040042,36.33270199,127.09653844,공주
2010053,36.33632516,127.49056616,세천
2140003,36.33984803,128.12932206,청리
2501009,36.33842227,127.39316684,용문(대전1)
1012003,36.34150111,127.42867027,분기(대전북연결선)
2501010,36.3451958,127.38432442,탄방
2080020,36.34200597,126.58631994,대천
2501011,36.35124182,127.38653337,시청(대전1)
2501016,36.35379724,127.34141231,유성온천
2501015,36.3544612,127.35422759,갑천
2120064,36.3544955,128.69318709,의성역(일반)
2501017,36.35651315,127.33131008,구암(대전1)
2501012,36.35766879,127.38212771,정부청사
2501013,36.35776925,127.37245853,갈마
2501014,36.35837054,127.36391508,월평
4009014,36.35223225,129.37234518,강구
2501018,36.35934248,127.3212778,현충원
2501019,36.3668138,127.3179644,월드컵경기장(대전1)
1012002,36.37030208,127.42229033,분기(대전조차장)
2501020,36.37497458,127.31790316,노은
1012001,36.38428258,127.41493278,분기(대전북연결선)
2501021,36.38462732,127.31988784,지족
2501022,36.39205103,127.31492213,반석
2010049,36.4021699,127.42145283,회덕
2140004,36.41078561,128.16467635,상주
4009013,36.4103766,129.37829573,영덕
2080019,36.41168817,126.57212912,주포
2010048,36.4494181,127.42836318,신탄진
2080018,36.44661802,126.59174887,청소
2080017,36.46404838,126.6178577,원죽
2140005,36.48223942,128.17492526,백원
2010047,36.49864728,127.39109195,매포
2080016,36.50164029,126.62238114,광천
2010046,36.5323782,127.3653349,부강
2024001,36.5483826,127.34918066,부강화물
2010045,36.55755892,127.32458998,내판
2140006,36.57042262,128.17547616,함창
2080015,36.56616435,126.65959136,신성
2140007,36.59586222,128.20455355,점촌
2060001,36.60087074,127.29603337,조치원
2080014,36.59965276,126.68103616,홍성
2140008,36.60677657,128.27304068,용궁
2010103,36.61957672,127.32811521,오송역(고속)
2060002,36.62067286,127.32735799,오송역(일반)
2140009,36.62661638,128.3277071,개포
2010043,36.6274451,127.29057925,서창
1016001,36.62810607,127.31264889,오송기지
2080013,36.63039949,126.71532073,화양
2141002,36.64315716,128.17070008,주평
2140010,36.64700619,128.44378137,예천
2060003,36.64724914,127.39187945,청주
2010042,36.65385998,127.26536898,전동
2141003,36.65633361,128.1285548,진남
2120055,36.67861826,128.69953917,옹천
2010041,36.67811385,127.20314977,전의
2080012,36.67953169,126.75236183,삽교
2080010,36.68631062,126.82899277,예산
2060004,36.69973136,127.47792958,오근장
2140011,36.71587878,128.5600439,어등
2010040,36.71821899,127.15562849,소정리
2060005,36.72332362,127.49038003,청주공항
2141004,36.72022705,128.11040816,문경
2060006,36.72871346,127.53584358,내수
2080009,36.72623815,126.84812262,신례원
2080008,36.74937415,126.88907757,도고온천
2080007,36.76946275,126.9509938,신창역(일반)
1101037,36.7695705,126.95103015,신창역(1호선)
2060007,36.77763357,127.5834074,증평
2080005,36.7777015,127.05265826,배방
2080006,36.78047685,127.00320095,온양온천역(일반)
1101036,36.78059148,127.00323116,온양온천역(1호선)
1101035,36.79212472,127.10409781,아산역(1호선)
2080004,36.79257348,127.10490601,아산역(일반)
2080003,36.79377317,127.12140503,쌍용
1010003,36.79420173,127.10461442,천안아산역(고속)
2080002,36.80167874,127.13650953,봉명
2080001,36.80900454,127.14674638,천안역(일반)
2140012,36.81199009,128.62594439,영주역(일반)
2060008,36.81357473,127.61481109,도안
1101034,36.81124139,127.14662345,천안역(1호선)
2123002,36.82081246,128.62618901,북영주(영동선)
2017001,36.83283305,127.14911636,두정
2130003,36.86412589,128.68292272,문단
2010037,36.87066024,127.14400896,직산
2060009,36.87653719,127.65938169,보천
2130005,36.88999358,128.77288788,거촌
2130004,36.89129509,128.72654059,봉화
2130006,36.89484553,128.83101412,봉성
2130010,36.90381527,128.99931495,임기
2010036,36.91569558,127.12673101,성환역(일반)
1101033,36.91585777,127.12694365,성환역(1호선)
2130007,36.91673991,128.88391402,법전
2130009,36.91618787,128.95544896,녹동(영동)
2060011,36.92230171,127.75636241,소이
2060010,36.92559912,127.70397142,음성
2130012,36.93240122,129.05793947,분천
2130011,36.93738184,129.01245622,현동
2130008,36.9386093,128.92016796,춘양
2060013,36.96041707,127.87987359,달천
2130040,36.95642039,129.07182321,비동
4002006,36.95897468,127.07005582,분기(수서평택고속선)
2130013,36.96443923,129.0917078,양원(영동)
2060012,36.9729477,127.8024184,주덕
2120044,36.97402977,128.34408237,단양역(일반)
2060014,36.97483565,127.90818281,충주역(일반)
1101032,36.99069737,127.08547184,평택역(1호선)
2010035,36.99085794,127.08503108,평택역(일반)
2130014,36.99273577,129.08422221,승부
2060015,37.01648889,127.93258356,목행
4002004,37.01834471,127.06957093,평택지제역(고속)
2010034,37.01859616,127.07067544,평택지제역(1호선)
2120043,37.02442323,128.32606315,도담
2060016,37.03339029,127.97143935,동량
2130015,37.04573203,129.06036003,석포
2010033,37.05634386,127.05283511,서정리역(1호선)
2010117,37.05693643,127.05321168,서정리역(일반)
2060017,37.07324577,128.03883552,삼탄
2120042,37.07561285,128.27455129,삼곡
2010032,37.07519873,127.05455978,송탄
2130016,37.08533205,129.0458353,동점
2060018,37.10154079,128.07768216,공전
2120041,37.11371517,128.24185629,고명
2010031,37.11028135,127.06235586,진위
2130017,37.11366316,129.03640343,철암
2120040,37.12761552,128.20496336,제천역(일반)
2060019,37.12994206,128.12935641,봉양
2130018,37.13907152,129.03434747,백산
1101031,37.14492302,127.06663942,오산역(1호선)
2010030,37.14554398,127.06698242,오산역(일반)
2153001,37.14524051,129.03129935,분기(태백삼각선)
2150020,37.15255272,128.98961487,문곡
2153002,37.15465198,129.0343419,동백산
2150007,37.17153186,128.45217618,청령포
2010029,37.1691163,127.06312029,오산대
2150005,37.17529725,128.32903192,쌍룡
2130020,37.17393399,129.03717456,솔안
2150019,37.17603548,128.98355965,태백
2150008,37.18225559,128.48149233,영월
2150009,37.18376709,128.50968925,탄부
2150006,37.18489546,128.39598901,연당
2010028,37.18806468,127.04287106,세마
2150010,37.19079033,128.55595534,연하
2150011,37.19699085,128.62059374,석항
2150004,37.19882118,128.29938067,입석리
2016003,37.1957694,127.05163525,서동탄
4002001,37.2000564,127.09541746,동탄역(고속)
2150018,37.19990541,128.95006428,추전
2150017,37.20107769,128.85224242,고한
1101029,37.20676169,127.03304524,병점역(1호선)
1101030,37.20682827,127.03327945,병점역(1-3호선)
2150012,37.21266926,128.64845924,예미
2151002,37.21750392,128.70025111,함백
2150016,37.22585931,128.81704204,사북
2151003,37.22876368,128.69575056,조동
2130024,37.22991861,129.04481133,도계
2150014,37.23739046,128.73434442,자미원
Y001009,37.23730277,127.19868123,김량장
Y001010,37.23790159,127.20904631,용인중앙시장
Y001008,37.23808092,127.19027901,명지대
Y001007,37.2394403,127.17888677,"시청,용인대"
Y001006,37.24212296,127.16813841,삼가
2152001,37.24443922,128.77325622,민둥산
Y001011,37.24465143,127.21418578,고진
2010026,37.24385288,127.01379028,세류
3040029,37.24581507,127.05736409,망포
3040030,37.25144887,127.07127179,영통
3040028,37.25292031,127.04049082,매탄권선
Y001012,37.25895966,127.21849889,보평
3040031,37.25947926,127.07895772,청명
Y001005,37.26081113,127.1594781,초당
3040032,37.26180742,127.1087699,상갈
4003007,37.2642631,127.4423582,이천
3040027,37.26194464,127.03073903,수원시청
3040026,37.26551039,127.01568748,매교
Y001013,37.26720656,127.21361943,둔전
3040034,37.26632745,127.00030847,수원역(수인)
2010099,37.26653163,126.99902334,수원역(고속)
2010025,37.26661447,126.99927087,수원역(일반)
1101028,37.26669183,126.99949387,수원역(1호선)
2130025,37.26726485,129.0612903,고사리
Y001004,37.26913023,127.15271083,동백(용인)
2152002,37.27011223,128.73987436,별어곡
Y001002,37.26974818,127.13663852,지석
Y001001,37.27014858,127.126047,강남대
Y001003,37.27496764,127.14376842,어정
3040033,37.27512526,127.11595973,기흥역(수인)
Y001015,37.27547653,127.11668443,기흥역(용인)
4003008,37.28314696,127.62849838,여주
2130026,37.27974047,129.06270391,하고사리
Y001014,37.28541863,127.21950032,"전대,에버랜드"
2010024,37.28419124,126.9894887,화서
3040022,37.28614022,127.11132958,신갈
3060008,37.28854865,127.05152703,광교중앙
4003009,37.29354503,127.5704414,세종대왕릉
3060006,37.29759924,127.06928358,상현
3040021,37.29899532,127.10557772,구성역(수인)
2010023,37.30018867,126.97251979,성균관대
3060007,37.30142617,127.04622075,광교
3020006,37.30249628,126.8645103,상록수
4024011,37.30253303,126.78673644,원시
2130027,37.30647003,129.0728408,마차리
3020007,37.30955212,126.85356069,한대앞역(4호선)
3040020,37.31278773,127.10820155,보정
3060005,37.31365287,127.08046235,성복
4003006,37.31600991,127.40510172,신둔도예촌
3020005,37.31277815,126.90373498,반월
3041002,37.31549315,127.10655439,분당기지
4024001,37.31313755,126.79558496,시우
3020008,37.31614069,126.83863589,중앙역(4호선)
3020009,37.31690292,126.82252754,고잔역(4호선)
2152003,37.32235562,128.71222377,선평
2130002,37.31961187,126.80775558,초지역(서해)
2010022,37.3213467,126.9480458,의왕
3060004,37.32269605,127.0949354,수지구청
3020010,37.32043455,126.80679279,초지역(4호선)
3040019,37.32470378,127.10756623,죽전(수인)
3020004,37.32787107,126.91673305,대야미
3020011,37.32740265,126.78925515,안산역(4호선)
4024003,37.3343049,126.80997914,선부
2014002,37.33690263,126.96069859,오봉
3060003,37.33809818,127.10279654,동천(신분당)
3040018,37.33986216,127.10896564,오리
3020012,37.33798043,126.76718997,신길온천역(4호선)
2010021,37.34431324,126.94834541,당정
2130028,37.34645849,129.08472735,신기(영동)
4003005,37.35018136,127.34666489,곤지암
1800001,37.35000955,127.10885928,미금역(신분당)
3040017,37.35002628,127.10899912,미금역(수인)
4024009,37.34881677,126.8094103,달미
3020003,37.35015688,126.92542308,수리산
2180005,37.35393322,127.89314416,만종
2010020,37.35346263,126.9485053,군포
3020013,37.35178233,126.74326431,정왕역(4호선)
3020002,37.3580759,126.9331165,산본
1104023,37.3618393,126.73847236,오이도역(4호선)
3020014,37.36265034,126.73882022,오이도역(수인)
3040016,37.3661899,127.10812157,정자역(수인)
3042006,37.3674642,127.10851255,정자역(신분당)
4100008,37.37336505,127.29990169,초월
4024004,37.36989548,126.80869553,시흥능곡
1101027,37.37224623,126.94329729,금정역(1호선)
1104022,37.37265852,126.94335389,금정역(4호선)
3040015,37.37845821,127.1142163,수내
2301025,37.37794657,126.64579215,지식정보단지
3021002,37.38086779,126.74339228,시흥기지
4024010,37.38155979,126.80594089,시흥시청
2130029,37.38291507,129.10169986,상정
2015009,37.38162938,126.74665858,달월
3040014,37.385045,127.12346768,서현
2301024,37.3818327,126.65606448,테크노파크
2010018,37.38488241,126.93549067,명학
2152004,37.38881851,128.67219981,정선
2120025,37.39228387,127.77965772,삼산
2301026,37.38630129,126.63964042,인천대입구
3030002,37.38975201,126.95068577,범계
2301023,37.38809309,126.66201788,캠퍼스타운
4003010,37.39470573,127.12728851,이매역(경강)
3042003,37.39459838,127.11115835,판교역(신분당)
4003011,37.39477581,127.11168862,판교역(경강)
2015008,37.39144059,126.74307228,월곶
3030003,37.39420289,126.96363652,평촌
3040013,37.39606401,127.12829065,이매역(수인)
4003003,37.39879712,127.25361971,경기광주
2301027,37.39343384,126.63479349,센트럴파크
2301022,37.39758393,126.6724269,동막
3030004,37.40197003,126.97666775,인덕원
2010017,37.40163497,126.92308239,안양역(일반)
1101026,37.4016988,126.92271182,안양역(1호선)
2015006,37.40066867,126.72252097,인천논현
2015007,37.40098525,126.7335327,소래포구
2015005,37.40164864,126.70867351,호구포
2301028,37.40054761,126.63020685,국제업무지구
4003002,37.40876311,127.20346384,삼동
2301021,37.40488032,126.68052334,동춘
2015004,37.4077465,126.69529181,남동인더스파크
3040012,37.41180433,127.128685,야탑
4024005,37.40960967,126.78782841,신현
2301020,37.41218906,126.68770534,원인재역(인천1)
2130030,37.41470184,129.11398393,미로
2015014,37.41324263,126.6864253,원인재역(수인)
2120024,37.42033781,127.75486639,양동
1010002,37.41636627,126.88473263,광명역(1-3호선)
2010102,37.41649362,126.88412989,광명역(고속)
2010016,37.41934776,126.90866418,관악
2301019,37.41794066,126.69402865,신연수
2015002,37.41784562,126.67896244,연수
3030005,37.42621148,126.98980844,정부과천청사
2301018,37.42675333,126.6989553,선학
4100276,37.42455597,126.42354295,용유
1108017,37.43226235,127.12908445,모란역(수인)
2131004,37.43008579,129.17738156,삼척
2120023,37.43653053,127.73067933,매곡
3040011,37.43399367,127.12966684,모란역(8호선)
3030006,37.43315861,126.9968319,과천
2015001,37.42980927,126.6547876,송도
4100275,37.42944371,126.43387399,워터파크
2010015,37.43473253,126.9024323,석수
3030007,37.43572584,127.00653632,대공원(4호선)
1108013,37.4374939,127.1408576,수진
1015002,37.43643964,126.89756449,광명기지
2301017,37.43500132,126.698183,문학경기장
3040010,37.43975847,127.12780273,태평
1108012,37.44112111,127.1480939,신흥(8호선)
4024008,37.43898997,126.78662215,신천(서해)
2120022,37.44544936,127.68838984,일신
4030004,37.43760992,126.45991179,파라다이스시티
2130031,37.44250034,129.11512924,도경리
3030008,37.44391525,127.00794072,경마공원
1108011,37.44508875,127.15672424,단대오거리
4018001,37.4429343,126.75920865,운연
2301016,37.44313118,126.69977768,인천터미널
1010001,37.44515334,126.89858251,분기(시흥연결선)
4030003,37.4406419,126.45847405,합동청사
3040009,37.44808767,127.12670687,가천대
3042002,37.44820877,127.05481581,청계산입구
2152005,37.45025115,128.66959352,나전
4030002,37.44398673,126.45547282,장기주차장
4018003,37.44815496,126.73708952,남동구청
1108010,37.45203524,127.16003246,남한산성입구
4018002,37.44863651,126.75349115,인천대공원
4024006,37.45001616,126.79294422,시흥대야
3030009,37.45196724,127.00203691,선바위
4100289,37.44857955,126.64957143,인하대
2301015,37.4500116,126.70116635,예술회관
2010101,37.44729639,126.45230867,인천공항1터미널역(고속)
9010004,37.44741173,126.45222119,인천공항1터미널역(공항)
4030005,37.44778172,126.45221586,인천공항1터미널역(자기)
1108009,37.45689328,127.14990538,산성(8호선)
2120021,37.46005329,127.65467718,석불
1101024,37.45587495,126.89374012,금천구청
4018004,37.45495491,126.73221502,만수
4018005,37.45587223,126.71974501,모래내시장
4018006,37.45682182,126.71022452,석천사거리
4018026,37.45692494,126.70100365,인천시청역(인천2)
2301014,37.4577054,126.7021981,인천시청역(인천1)
4018007,37.45767047,126.69292519,석바위시장
4018024,37.45844234,126.68099651,시민공원
3030010,37.46428518,126.98904379,남태령
2015012,37.46083822,126.63835473,숭의
9010003,37.45914435,126.47764247,공항화물청사
2120018,37.46857417,127.54752428,원덕
2126001,37.4692118,127.61322232,용문기지
2010012,37.46649026,126.88924674,독산
3010016,37.46469065,126.69342315,간석
3040008,37.46877034,127.12651811,복정역(수인)
1101021,37.4650806,126.6798067,주안역(1호선)
4018025,37.4652721,126.67905587,주안역(인천2)
3010018,37.46616066,126.66814047,도화
1108018,37.47073468,127.12668504,복정역(8호선)
3042001,37.47013151,127.03847622,양재시민의숲
2301013,37.46708586,126.70792095,간석오거리
2131003,37.46855067,129.1655567,삼척해변
3010019,37.46681071,126.65699531,제물포
4024007,37.46852263,126.79726845,소새울
2152006,37.47310132,128.7223486,아우라지
3010020,37.4685156,126.64267711,도원
4100287,37.46836338,126.62466924,신포
2010129,37.47612895,127.62990624,지평역(일반)
2120020,37.4764617,127.62982969,지평역(경의)
3010015,37.4712311,126.70290925,동암
2110001,37.46880167,126.43363516,인천공항2터미널
1102024,37.47658199,126.98138692,사당역(2호선)
4018023,37.4738135,126.68108619,주안국가산단
1104045,37.47703625,126.98164574,사당역(4호선)
1107030,37.47612111,126.86799911,철산
1102025,37.47712925,126.96337111,낙성대
2180001,37.48194287,128.00972829,횡성
1108008,37.47929369,127.12582981,장지
2010121,37.48226584,127.59459952,용문역(일반)
2120019,37.48249792,127.59444205,용문역(경의)
3010021,37.47602624,126.6319066,동인천
1101022,37.47610908,126.61678658,인천역(1호선)
2015013,37.47644994,126.61739268,인천역(수인)
1107031,37.47938802,126.85440254,광명사거리
2301012,37.47861991,126.71064223,부평삼거리
1107045,37.48039028,126.88260997,가산디지털단지역(7호선)
1102023,37.48147232,126.99759847,방배
1102026,37.48126924,126.95274599,서울대입구
1101023,37.4815532,126.88263064,가산디지털단지역(1호선)
1102027,37.48242018,126.94183124,봉천(2호선)
1103001,37.48371206,127.08484473,일원
3042005,37.48361315,127.03502805,양재역(신분당)
2131002,37.48236629,129.15311489,추암
1103006,37.48458005,127.03386971,양재역(3호선)
4002005,37.48554709,127.10446999,수서역(고속)
3010008,37.48281307,126.79555335,소사역(1호선)
2130001,37.48299753,126.79501289,소사역(서해)
1103007,37.48500069,127.01630188,남부터미널
1102028,37.48426475,126.92964717,신림역(2호선)
1108007,37.48600022,127.12239059,문정
1107022,37.48486446,126.97063349,남성
1107050,37.48526608,126.9815858,이수역(7호선)
3010014,37.48299735,126.70692564,백운
1102030,37.48503372,126.90275404,구로디지털단지
3010009,37.48400525,126.78267623,부천
1103005,37.48642773,127.04559736,매봉
3040004,37.48705105,127.05943718,구룡(수인)
1104018,37.48652331,126.98218166,총신대입구역(4호선)
1103032,37.48752517,127.10231881,수서역(3호선)
3040007,37.48755543,127.10140959,수서역(수인)
3010007,37.48527035,126.81182175,역곡
2132002,37.48656124,129.06335759,삼화
1107029,37.48637697,126.88749284,남구로
4018022,37.48447559,126.6833697,가재울
1107021,37.48767867,126.99366333,내방
2301011,37.48522529,126.71805622,동수
1107032,37.48673921,126.83867501,천왕
1102029,37.48750962,126.91333699,신대방
3040005,37.48909182,127.06603368,개포동
3010010,37.48672281,126.76453733,중동(1호선)
2120017,37.49284708,127.49185489,양평역(경의)
2010128,37.49295883,127.49199082,양평역(일반)
2010120,37.49307655,127.49197235,양평역(고속)
3010011,37.48772324,126.75311494,송내
1103031,37.49085839,127.05520186,도곡역(3호선)
2013002,37.48951059,126.87846257,구로기지
3040006,37.4913996,127.07272476,대모산입구
3040003,37.49148413,127.05517175,도곡역(수인)
3010012,37.48855986,126.74062263,부개
1103033,37.49226162,127.11757541,가락시장역(3호선)
1102022,37.49181239,127.00770116,서초
1105037,37.49308875,127.1443364,거여
1101020,37.48946962,126.72437648,부평역(1호선)
1108006,37.49327883,127.1181213,가락시장역(8호선)
2011001,37.49168539,126.87968742,분기(구로삼각선_경부)
1103028,37.49295703,127.01380711,교대역(3호선)
4018021,37.48968967,126.67519033,인천가좌
2301029,37.49039391,126.72344707,부평역(인천1)
1103002,37.49385042,127.07946383,대청
1107044,37.49200909,126.82364585,온수역(7호선)
1107048,37.49284977,126.89673447,대림역(7호선)
1105038,37.49498267,127.15292828,마천
1102021,37.49394165,127.01442911,교대역(2호선)
1103004,37.49438309,127.06288232,대치
3010006,37.4924302,126.82389974,온수역(1호선)
1102031,37.49334553,126.89491285,대림역(2호선)
1103025,37.49583752,127.12438281,경찰병원
3010005,37.49414362,126.84346885,오류동
3040002,37.49629226,127.05289806,한티
3010004,37.49469944,126.85860819,개봉
1103003,37.49686,127.07121468,학여울
1107023,37.49601906,126.95386646,숭실대입구
3042004,37.49697605,127.02806105,강남역(신분당)
1105036,37.49793857,127.13507735,개롱
3010003,37.49624327,126.86981705,구일
1102020,37.49809613,127.02793371,강남역(2호선)
9010002,37.49284298,126.49374376,운서
2012002,37.49733122,126.87215332,분기(구로삼각선_경인)
1108005,37.49945364,127.11245977,송파
2132001,37.49900499,129.12386749,동해역(일반)
1107026,37.49973009,126.92827025,신대방삼거리
1102019,37.50081746,127.03695213,역삼
1107027,37.49991782,126.92034696,보라매역(7호선)
1107028,37.50014062,126.90908747,신풍
1105035,37.5021982,127.12787352,오금역(5호선)
2301010,37.49856751,126.72229182,부평시장
1103034,37.50233628,127.12848798,오금역(3호선)
1109020,37.50149127,126.98755055,구반포
1109038,37.5024602,127.09694031,석촌고분
4018020,37.4995406,126.67578121,서부여성회관
2120082,37.50606324,127.47406239,오빈
1109033,37.50292829,126.97812989,동작역(9호선)
1104017,37.5029955,126.98034446,동작역(4호선)
1107049,37.5032826,127.00485523,고속터미널역(7호선)
1107024,37.50291158,126.94787562,상도
1101018,37.50239949,126.88150405,구로역(1-2호선)
1109021,37.50355002,126.9960505,신반포
1101017,37.50260378,126.88120626,구로역(1-1호선)
1109037,37.50440132,127.08787988,삼전
1102053,37.50443292,127.04871919,선릉역(2호선)
1109023,37.50421661,127.01534266,사평
1900001,37.50513737,127.10701399,석촌역(9호선)
1109024,37.50455151,127.02460731,신논현역(9호선)
1108004,37.5052351,127.10720272,석촌역(8호선)
3040001,37.50484189,127.04886079,선릉역(수인)
1103008,37.50486892,127.00493394,고속터미널역(3호선)
1107037,37.50304392,126.7760972,신중동
1107025,37.50506959,126.93935708,장승배기
1107036,37.50373641,126.78711412,춘의
1109032,37.50589646,127.00391014,고속터미널역(9호선)
2180002,37.51023191,128.2212889,둔내
1107038,37.50468604,126.76362254,부천시청
1109026,37.50732599,127.0338879,언주
1107035,37.50544583,126.79743592,부천종합운동장역(7호선)
1105034,37.50863872,127.12602957,방이
1107034,37.50619868,126.81119149,까치울
1107020,37.50812716,127.01147687,반포
1107039,37.50581918,126.75316447,상동(7호선)
1102018,37.50891555,127.06313198,삼성(2호선)
1107040,37.50646824,126.7420929,삼산체육관
1102050,37.50828819,126.89152229,신도림역(2-1호선)
1109039,37.51026229,127.11219219,송파나루
1102049,37.50842011,126.89151527,신도림역(2호선)
1109018,37.50910909,126.96350178,흑석
1107041,37.50701966,126.73134948,굴포천
2010127,37.50883855,126.89132258,신도림역(일반)
1101016,37.50890086,126.89128608,신도림역(1호선)
1109036,37.51038334,127.04422816,선정릉역(9호선)
1107046,37.50746611,126.72138005,부평구청역(7호선)
1102017,37.51114136,127.0738192,종합운동장역(2호선)
3040025,37.51096741,127.0436014,선정릉역(수인)
1107019,37.51109529,127.02129989,논현역(7호선)
1102016,37.51162324,127.0857837,잠실새내
1109030,37.51161603,127.07588893,종합운동장역(9호선)
2120016,37.5139512,127.44330772,아신
2301009,37.5084911,126.72058785,부평구청역(인천1)
4018019,37.50811126,126.67627773,석남역(인천2)
1102015,37.5133125,127.10018984,잠실역(2호선)
1109028,37.5130353,127.05332678,삼성중앙
1103009,37.51297856,127.01157769,잠원
1109017,37.51268172,126.95303337,노들
1108014,37.5143907,127.10344678,잠실역(8호선)
2120015,37.51628844,127.39955226,국수
1109027,37.51425154,127.06022224,봉은사
1107018,37.51404103,127.03079355,학동
1102041,37.51268635,126.86601101,양천구청
2010005,37.51334872,126.92623426,대방역(1호선)
1109029,37.51358249,126.94073794,노량진역(9호선)
1109040,37.51517428,127.11522827,한성백제
1101013,37.51404973,126.94191932,노량진역(1호선)
2010004,37.51427107,126.94193129,노량진역(일반)
2152007,37.51720493,128.72562499,구절리
1102040,37.51426421,126.88301735,도림천
1900002,37.51689947,127.13146398,올림픽공원역(9호선)
1105033,37.51693138,127.13140765,올림픽공원역(5호선)
2010007,37.51521951,126.90770343,영등포역(일반)
1103010,37.51626724,127.01988271,신사역(3호선)
2010098,37.51541009,126.90757504,영등포역(고속)
3040036,37.51660844,127.04150756,강남구청역(수인)
1101015,37.5156291,126.90741613,영등포역(1호선)
1108003,37.5175148,127.11273276,몽촌토성
1107017,37.51713648,127.04098333,강남구청역(7호선)
9010012,37.51210235,126.52502693,영종
1101014,37.51675243,126.91844148,신길역(1호선)
1109041,37.51868406,127.13998884,둔촌오륜
1109015,37.51729308,126.92857072,샛강역(9호선)
1105046,37.51766541,126.91487766,신길역(5호선)
1107016,37.51942949,127.05357665,청담
1102032,37.51826095,126.89487427,문래
2301008,37.51653673,126.72149543,갈산
2050004,37.51958968,126.98850215,서빙고
4018018,37.51661413,126.67658058,가정중앙시장
1102014,37.52074938,127.10386859,잠실나루
1102042,37.52019259,126.85291379,신정네거리
1109035,37.52139163,126.92444847,여의도역(9호선)
1105014,37.52189359,126.92458819,여의도역(5호선)
1104027,37.5223619,126.9745499,이촌역(4호선)
2050003,37.5224597,126.97335804,이촌역(경의)
2120014,37.5260806,127.37225274,신원
1105013,37.52269043,126.9051131,영등포시장
2011002,37.52349495,126.96150006,분기(용산삼각선_경원)
2012001,37.52458147,126.95729536,분기(용산삼각선_경부)
1105051,37.52418194,126.89545622,영등포구청역(5호선)
1105011,37.52440935,126.87606823,오목교
1105009,37.52504326,126.85612751,신정
1105032,37.52766329,127.13621523,둔촌동
1103011,37.52685074,127.02860061,압구정
1105012,37.52559936,126.88625723,양평(5호선)
1102033,37.52584551,126.89667886,영등포구청역(2호선)
3040024,37.52734342,127.04055839,압구정로데오
1109042,37.5284617,127.14843825,중앙보훈병원
1105010,37.52616636,126.86432334,목동
1105015,37.52688402,126.93259731,여의나루
4018017,37.5247288,126.67533512,가정
1109013,37.5284984,126.91744505,국회의사당
2050005,37.52939729,127.00904255,한남
1108002,37.53041307,127.12052257,강동구청
1104016,37.52956569,126.96820817,신용산
2032001,37.52960434,126.96475412,용산역(경의)
1101038,37.529728,126.96452895,용산역(1호선)
2010097,37.52985108,126.96432456,용산역(일반)
2010096,37.52996073,126.96415022,용산역(고속)
1107015,37.53153293,127.06669308,자양
1102043,37.53144755,126.84686061,까치산역(2-1호선)
2301007,37.53022804,126.72253511,작전
1105053,37.53222328,126.84647018,까치산역(5호선)
1102013,37.53521313,127.09475622,강변
1106016,37.53447439,126.99390439,이태원
1109031,37.53366084,126.90241612,당산역(9호선)
1104015,37.53430277,126.97276044,삼각지역(4호선)
1105031,37.53581441,127.13225557,강동역(5호선)
1105052,37.53601646,127.13235509,강동역(5-1호선)
1106015,37.53500104,126.98659595,녹사평
1102034,37.53486419,126.90266273,당산역(2호선)
1106029,37.53565653,126.97402737,삼각지역(6호선)
1102012,37.5369827,127.08552521,구의
1105039,37.5378928,127.14004186,길동
1108015,37.53799833,127.12318742,천호역(8호선)
1105030,37.53849188,127.12402019,천호역(5호선)
4100361,37.53861911,126.96277796,효창공원앞역(경의)
1109012,37.53811115,126.89381161,선유도
1106014,37.53927946,126.96134448,효창공원앞역(6호선)
1106017,37.53963588,127.00189453,한강진
1105016,37.53915845,126.94529963,마포
1102011,37.54042624,127.06908047,건대입구역(2호선)
1107047,37.54096367,127.07113537,건대입구역(7호선)
2301006,37.53771626,126.72266017,경인교대입구
2050006,37.54057302,127.01883396,옥수역(경의)
2010111,37.54066306,127.01873137,옥수역(일반)
2010002,37.54032809,126.97124383,남영
2133002,37.54032896,129.11214645,묵호항
1103030,37.54173629,127.01728115,옥수역(3호선)
9010014,37.54236415,126.95243565,공덕역(공항)
2030030,37.54266815,126.9523255,공덕역(경의)
1105008,37.54165835,126.84041352,화곡
3040023,37.54360229,127.04468164,서울숲
2120013,37.54576262,127.32911776,양수
1105040,37.5450906,127.14268989,굽은다리
1102010,37.54444545,127.05623729,성수역(2호선)
1106039,37.54358658,126.95176162,공덕역(6호선)
1102052,37.54457981,127.05630332,성수역(2-2호선)
1105029,37.54510929,127.10431541,광나루
1105044,37.54445051,126.95137828,공덕역(5호선)
1104014,37.54511319,126.97200172,숙대입구
2120011,37.5473366,127.24374158,팔당
1109011,37.54448625,126.88315188,신목동
2301005,37.54324891,126.72850075,계산
1107014,37.54725665,127.07418886,어린이대공원
1102009,37.54734521,127.04703596,뚝섬
4018016,37.54393272,126.67683521,서구청
2301004,37.54485333,126.73856822,임학
1106018,37.54800427,127.00708001,버티고개
1103012,37.54816502,127.01582107,금호(3호선)
1106012,37.54743887,126.93194521,광흥창
1109010,37.54699338,126.87407068,염창
1106011,37.54771987,126.92296477,상수
1106013,37.54789202,126.94188834,대흥
2130033,37.54762002,129.10779318,묵호역(일반)
1108001,37.55013385,127.12752632,암사
1105007,37.54831647,126.83632158,우장산
2050007,37.55010522,127.03488113,응봉
1106040,37.54928785,126.91338844,합정역(6호선)
1102035,37.54980148,126.91422939,합정역(2호선)
1105041,37.55189411,127.14405528,명일
1105028,37.55192225,127.08969862,아차산
2120012,37.55419856,127.30991766,운길산
1109009,37.5508351,126.86555425,등촌
1105018,37.55216135,126.95605127,애오개
2032003,37.55230947,126.93524308,서강대
1104019,37.55289569,126.972603,서울역(4호선)
1105042,37.55495609,127.15362772,고덕
1106033,37.55392957,127.01011909,약수역(6호선)
9010013,37.55375368,126.96971172,서울역(공항)
1105022,37.55463467,127.02009153,신금호
1103013,37.55462647,127.01076171,약수역(3호선)
4018015,37.55156686,126.67711484,아시아드경기장
2010001,37.55455803,126.97011978,서울역(고속)
2010003,37.55473044,126.97059771,서울역(일반)
1102008,37.55548575,127.04362347,한양대
1105043,37.55664848,127.16566002,상일동
1102037,37.55513752,126.93681815,신촌(2호선)
1101001,37.55574587,126.97208038,서울역(1호선)
2301003,37.55406803,126.74510589,박촌
1105027,37.55725043,127.07927963,군자역(5호선)
1106010,37.55586399,126.91026696,망원
1107051,37.55743372,127.07964754,군자역(7호선)
1105023,37.55709285,127.02904841,행당
1102038,37.55674947,126.94590044,이대
2030029,37.55719481,126.97127283,서울역(경의)
1102036,37.55690601,126.92388264,홍대입구역(2호선)
1102039,37.55735683,126.9562055,아현
2030033,37.5573383,126.92732205,홍대입구역(경의)
9010017,37.5574249,126.92678675,홍대입구역(공항)
1109008,37.55730207,126.86238101,증미
1103014,37.55909117,127.00581825,동대입구
2180003,37.56256673,128.4294829,평창
1104013,37.55902187,126.9787616,회현
1105021,37.5602046,127.01395374,청구역(5호선)
1102001,37.55980058,126.96453593,충정로역(2호선)
1105006,37.55868097,126.83776374,발산
2030002,37.55966667,126.94199614,신촌(경의)
9010006,37.55646501,126.62480348,청라국제도시
3040035,37.56065393,127.0387876,왕십리역(수인)
1106034,37.56058029,127.01392832,청구역(6호선)
1105047,37.56052906,126.96305686,충정로역(5호선)
1105026,37.56144754,127.06464105,장한평
1102051,37.56127806,127.03698651,왕십리역(2호선)
1104012,37.56088604,126.98574129,명동
1104026,37.56147454,126.99507379,충무로역(4호선)
2010112,37.56206867,127.03848108,왕십리역(일반)
1105050,37.56209069,127.03735576,왕십리역(5호선)
1105005,37.56018205,126.8247495,마곡
1102044,37.56222461,127.0506033,용답
2030034,37.5621303,127.03830722,왕십리역(경의)
1103015,37.56179898,126.99370496,충무로역(3호선)
1105004,37.56112314,126.81287511,송정(5호선)
1109007,37.56198225,126.85366591,가양
4018014,37.56037263,126.6775086,검바위
9010018,37.56183401,126.80227662,김포공항역(공항)
1109034,37.56196998,126.80196415,김포공항역(9호선)
1102048,37.56369372,126.9756154,시청역(2호선)
1102007,37.56420614,127.02990128,상왕십리
G210001,37.56232917,126.80197764,김포공항역(김포골드)
1106009,37.56336274,126.90341337,마포구청
1105003,37.56242823,126.80129989,김포공항역(5호선)
1105049,37.56469341,127.00553385,동대문역사문화공원역(5호선)
1104024,37.56523596,127.00790371,동대문역사문화공원역(4호선)
1107013,37.56605364,127.0843704,중곡
1109003,37.56373827,126.81061889,공항시장
1102006,37.5656958,127.01945397,신당역(2호선)
1105024,37.56590955,127.042622,마장
1101002,37.56537407,126.97717934,시청역(1호선)
1102005,37.56566366,127.00905467,동대문역사문화공원역(2호선)
1106035,37.56609886,127.01617044,신당역(6호선)
1105019,37.56587302,126.9666118,서대문
1102002,37.5660146,126.98261951,을지로입구
1102003,37.56628511,126.99078182,을지로3가역(2호선)
1105025,37.56695091,127.05259115,답십리
1103027,37.56659891,126.99260729,을지로3가역(3호선)
1102004,37.56664817,126.99763784,을지로4가역(2호선)
1105048,37.56739376,126.99805857,을지로4가역(5호선)
4102061,37.56602626,126.82863781,마곡나루역(공항)
1109025,37.56696049,126.82806462,마곡나루역(9호선)
2301002,37.56637754,126.74267953,귤현
1109004,37.56754515,126.81694819,신방화
1109006,37.56791654,126.84246667,양천향교
2030003,37.56886882,126.91482417,가좌
1102045,37.57002546,127.04644904,신답
1106008,37.56916014,126.89878711,월드컵경기장(6호선)
1101003,37.5701652,126.982956,종각
1101004,37.57043401,126.9920038,종로3가역(1호선)
1104021,37.57082389,127.00934417,동대문역(4호선)
1101005,37.57100477,127.00191001,종로5가
1101006,37.57165678,127.01049448,동대문역(1호선)
1103026,37.5716303,126.99183449,종로3가역(3호선)
1105020,37.57163846,126.97627469,광화문
4018027,37.56872571,126.67566348,검암역(인천2)
1106036,37.57235488,127.01570272,동묘앞역(6호선)
2010100,37.56902171,126.67365269,검암역(고속)
9010001,37.56926952,126.67363817,검암역(공항)
1105045,37.57259138,126.99032942,종로3가역(5호선)
1101007,37.57317553,127.01622686,동묘앞역(1호선)
1107012,37.5739304,127.08695567,용마산
1102046,37.57405892,127.03812791,용두
2301001,37.57152522,126.73624229,계양역(인천1)
9010016,37.57177528,126.73624053,계양역(공항)
1105002,37.57250581,126.80609743,개화산
1102047,37.57488835,127.02477175,신설동역(2호선)
1101008,37.57605552,127.0244946,신설동역(1호선)
1103018,37.57552865,126.95693013,독립문
1103017,37.57600841,126.9735518,경복궁
2700012,37.5765742,127.02318498,신설동역(우이)
1106030,37.57602928,126.90130086,디지털미디어시티역(6호선)
1103016,37.57685723,126.98632302,안국
1101009,37.578154,127.03444279,제기동
2120010,37.57955314,127.22287524,도심
9010015,37.57745539,126.89799303,디지털미디어시티역(공항)
2030004,37.57780031,126.90013363,디지털미디어시티역(경의)
1105001,37.57773903,126.81277305,방화
3040099,37.57993332,127.04837962,청량리역(수인)
2120001,37.58012035,127.04771072,청량리역(경의)
1101010,37.58010299,127.04503307,청량리역(1호선)
1106019,37.58003496,127.01520186,창신
1107011,37.58066145,127.08851282,사가정
1109001,37.57824873,126.79642519,개화
2010113,37.58065743,127.04872391,청량리역(고속)
2010114,37.5806916,127.04847579,청량리역(일반)
2100035,37.58114021,127.04849554,청량리역(경춘)
2030025,37.58096003,126.89548382,수색
1104011,37.58212145,127.00191785,혜화
1103019,37.5824463,126.9502382,무악재
2034002,37.58316311,126.89072122,수색기지
2700011,37.58503925,127.01953992,보문역(우이)
1106006,37.58431246,126.91013768,증산(6호선)
2120009,37.58681661,127.20900185,덕소역(경의)
1106020,37.58546369,127.01980748,보문역(6호선)
2010124,37.58710806,127.20876056,덕소역(일반)
1106021,37.58634182,127.02946121,안암
1107010,37.5883716,127.08759363,면목
4018013,37.58504118,126.67590534,독정
1104010,37.58849287,127.00617809,한성대입구
2130034,37.58767649,129.09700653,망상
2120002,37.58956393,127.05797468,회기역(경의)
1101012,37.58982642,127.05804366,회기역(1호선)
2100024,37.58994543,127.0585015,회기역(경춘)
1103020,37.58908595,126.94375939,홍제
1106022,37.58997102,127.03633407,고려대
2037002,37.59026454,126.88299441,분기(수색직결선_경의)
1106005,37.59139771,126.91372464,새절
2130035,37.59138404,129.09059526,망상해수욕장
2700013,37.59239418,127.01653191,성신여대입구역(우이)
1104009,37.59289638,127.01698976,성신여대입구역(4호선)
2037001,37.59262105,126.87010069,분기(수색직결선_공항)
2120003,37.59487307,127.07614304,중랑역(경의)
2100023,37.59501025,127.07609729,중랑역(경춘)
1107009,37.59561116,127.08573718,상봉역(7호선)
2030032,37.59666263,127.08501682,상봉역(경의)
2050011,37.59657365,127.06375486,외대앞
2010115,37.59675873,127.08496839,상봉역(고속)
2010116,37.59684378,127.08491734,상봉역(일반)
4018012,37.59305176,126.67285917,완정
2100022,37.59699428,127.08483658,상봉역(경춘)
4018008,37.59441092,126.62991248,검단오류
2030031,37.59932178,127.09231115,망우역(경의)
4018009,37.5951622,126.6428209,왕길
2100021,37.60005854,127.09176754,망우역(경춘)
1106001,37.59907602,126.91576256,응암
4018011,37.59777847,126.66705368,마전
2050012,37.60173398,127.06726279,신이문
1103021,37.60097198,126.93579254,녹번
1107008,37.60228497,127.07936098,중화
1106023,37.60228341,127.04201357,월곡
2120006,37.60311525,127.14300643,구리역(경의)
2700001,37.60266499,127.0135464,정릉
2120008,37.60425635,127.19484111,양정(중앙)
1104008,37.60342526,127.02515145,길음
G210002,37.60121351,126.7703251,고촌(김포골드)
2030026,37.60341942,126.86767196,한국항공대
4018010,37.60174344,126.65664984,검단사거리
2120005,37.60664169,127.10814739,양원(중앙)
1106024,37.60669658,127.04911509,상월곡
1106002,37.60628383,126.92290689,역촌
2120007,37.6091087,127.16138953,도농
1106025,37.61080343,127.05702359,돌곶이
1107007,37.61105527,127.07770709,먹골
1103022,37.61024286,126.93013663,불광역(3호선)
1106031,37.6108609,126.92930429,불광역(6호선)
1106041,37.61250984,127.10421878,신내역(6호선)
1106004,37.61125791,126.91731352,구산
2700002,37.61207732,127.00830845,북한산보국문
2100018,37.61284441,127.10326104,신내역(경춘)
2035001,37.61121337,126.8396636,고양기지
1104007,37.61382832,127.03009913,미아사거리
2010109,37.61210877,126.83520435,행신역(고속)
2030027,37.61222621,126.84527149,강매
2030008,37.61226378,126.83515017,행신역(경의)
1106038,37.61505699,127.06623995,석계역(6호선)
1101011,37.61516384,127.06561602,석계역(1호선)
G210003,37.61243475,126.73245139,풍무
1106028,37.6171474,127.09175072,봉화산
1106026,37.61736589,127.07470613,태릉입구역(6호선)
2130036,37.61635663,129.05046797,옥계
1107042,37.6184133,127.07541392,태릉입구역(7호선)
1106032,37.61848698,126.92037198,연신내역(6호선)
1106003,37.61872261,126.93304382,독바위
1106027,37.6203371,127.0842409,화랑대
1103023,37.61916994,126.92112166,연신내역(3호선)
2700003,37.62024895,127.01365408,솔샘
2030009,37.61901909,126.8208704,능곡역(경의)
2700004,37.62128343,127.02055448,삼양사거리
G210004,37.62032628,126.7197477,사우
2100020,37.62400668,127.06194671,광운대역(경춘)
2050014,37.62408313,127.06155893,광운대역(1호선)
1107006,37.62560918,127.07301601,공릉
1104006,37.62636108,127.0261815,미아
2700005,37.62698063,127.01816759,삼양
2050015,37.63268031,127.05888539,월계
2100001,37.63392791,127.11464838,갈매
1103029,37.63169756,126.81108856,대곡역(3호선)
2700006,37.63411575,127.01758017,화계
3050005,37.6322442,126.80967456,대곡역(경의)
G210005,37.63164595,126.70576101,걸포북변
1107005,37.6359907,127.06821574,하계
2100005,37.63734068,127.20743579,금곡(경춘)
3050004,37.63459981,126.83271803,화정(3호선)
1103024,37.63701143,126.91898342,구파발
1104005,37.63809894,127.02571545,수유
2180004,37.64269136,128.5745186,진부
2100002,37.64219995,127.12727927,별내역(경춘)
2700007,37.64156222,127.01679825,가오리
2033003,37.64114904,126.82136629,대정
G210008,37.64061057,126.64400008,마산(김포골드)
2050016,37.64506496,127.05133407,녹천
1107004,37.64544046,127.06396504,중계
3050006,37.64306072,126.7879956,백석
G210010,37.64178781,126.61462425,양촌
2100033,37.64817794,127.14369036,퇴계원역(일반)
2100003,37.64829928,127.1435512,퇴계원역(경춘)
G210007,37.64405041,126.66906656,장기
2030011,37.64587638,126.80175831,곡산역(경의)
1104004,37.64838162,127.03462704,쌍문
2101100,37.64985963,127.20715883,평내기지
3050001,37.64794985,126.91429442,지축
G210009,37.64539513,126.62856598,구래
2700008,37.64953409,127.0137755,4.19민주묘지
2100004,37.65114466,127.17689263,사릉역(경춘)
2100032,37.65128527,127.17615493,사릉역(일반)
2100030,37.65253435,127.31172284,마석역(일반)
2100007,37.65274846,127.3114671,마석역(경춘)
2100031,37.65297996,127.24432703,평내호평역(일반)
3050011,37.65013251,126.8737414,원흥
2100006,37.65320009,127.24432711,평내호평역(경춘)
1104020,37.65330472,127.04808934,창동역(4호선)
2050017,37.65338883,127.04763314,창동역(1호선)
3050003,37.6521623,126.84270665,원당
3050002,37.65305065,126.89548664,삼송
3050007,37.651909,126.77783111,마두
1107052,37.6550274,127.06038497,노원역(7호선)
1104003,37.65633549,127.06331606,노원역(4호선)
2700009,37.65602771,127.01328185,솔밭공원
2100019,37.65893594,127.28543664,천마산
G210006,37.65377762,126.68384168,운양
1104002,37.66039053,127.07301053,상계
2030012,37.65852489,126.79439596,백마역(경의)
3050008,37.65971778,126.77330288,정발산
2700010,37.66303497,127.012706,북한산우이
2033004,37.66246326,126.84012258,원릉
1107003,37.66488285,127.05774418,마들
2050018,37.6675203,127.04437167,방학
1104001,37.66970955,127.07847502,불암산
3050009,37.67009301,126.76141849,주엽
2030013,37.67196068,126.78657341,풍산역(경의)
1107002,37.67823587,127.05534655,수락산
3050010,37.67595702,126.74802751,대화
2050019,37.67941055,127.04560078,도봉
2033006,37.68009627,126.89381769,벽제
2100008,37.68400188,127.37956291,대성리
2033005,37.6801901,126.85098464,삼릉
2030014,37.68235041,126.76913259,일산역(경의)
2050020,37.68944736,127.04603932,도봉산역(1호선)
1107043,37.68977053,127.0463969,도봉산역(7호선)
2130037,37.69180829,129.0324668,정동진역(일반)
2030015,37.6936185,126.76132657,탄현
1107001,37.69908228,127.05195303,장암
2033007,37.70056562,126.92919054,일영
2050021,37.71027508,127.04735989,망월사
2030028,37.71244953,126.76145917,야당
2033009,37.71824293,126.94890467,온릉
2033008,37.71866094,126.94179689,장흥
2033010,37.72061535,126.97955054,송추
2050022,37.72371293,127.04730084,회룡역(1호선)
U001016,37.72513172,127.04669146,회룡역(의정부)
U001001,37.72700436,127.05294587,발곡
2030016,37.72532767,126.76719388,운정
U001003,37.72879547,127.04367516,범골
2100029,37.73533652,127.42712488,청평역(일반)
2100009,37.73556478,127.4265721,청평역(경춘)
U001015,37.73346751,127.08891455,탑석
U001014,37.73727537,127.08727412,송산
U001004,37.73740371,127.04330654,경전철의정부
2130038,37.73779491,128.97900992,안인
2050023,37.73840545,127.04622316,의정부
U001005,37.73926307,127.03486386,의정부시청
U001013,37.74269506,127.08522475,어룡
U001006,37.74329039,127.03711907,흥선
U001007,37.74367965,127.04966097,의정부중앙
U001008,37.74526813,127.05698152,동오
U001009,37.74886764,127.06378982,새말
2050024,37.74945787,127.04401437,가능
U001012,37.75050726,127.08384889,곤제
U001010,37.75077925,127.0716152,경기도청북부청사
2030017,37.75104685,126.76591145,금릉
U001011,37.75400431,127.07728687,효자(의정부)
2050025,37.75924947,127.04205222,녹양
2100010,37.77018371,127.45449776,상천
2030018,37.76599011,126.7740571,금촌
2130039,37.76447346,128.89950842,강릉역(일반)
2050026,37.77279364,127.04460557,양주
2030019,37.79509249,126.79263605,월롱
2100027,37.80563802,127.63412717,강촌역(일반)
2100014,37.80574788,127.6341158,강촌역(경춘)
2100028,37.81426795,127.51072482,가평역(일반)
2100011,37.81451895,127.51071594,가평역(경춘)
2100015,37.81847768,127.71429767,김유정
2030020,37.81492868,126.7929436,파주
2050027,37.8179663,127.05641352,덕계
2100013,37.83079996,127.58925271,백양리
2100012,37.83206148,127.55770838,굴봉산
2036002,37.8357914,126.78611003,문산기지
2050028,37.84367495,127.06165424,덕정
2030021,37.85509901,126.78793061,문산
2100016,37.86408131,127.72378837,남춘천역(경춘)
2100026,37.86420402,127.72366784,남춘천역(일반)
2100025,37.88476139,127.71699313,춘천역(일반)
2100017,37.88510469,127.71699414,춘천역(경춘)
2050029,37.89258312,127.05582158,지행
2050030,37.90217838,127.0565413,동두천중앙
2050031,37.91457539,127.0571729,보산
2010125,37.92762553,127.05489938,동두천
2050033,37.9479649,127.06079269,소요산
2050034,37.99511058,127.07429501,청산
2050036,38.02477243,127.07167377,전곡
2050037,38.10072124,127.07370161,연천
2050038,38.13235017,127.07755532,신망리
2050039,38.18516658,127.10840181,대광리
2050040,38.21270111,127.13914326,신탄리
2050041,38.25754872,127.16615521,백마고지
2040051,35.792528,126.90320894,김제역(고속)
2046003,35.29973212,126.77946628,장성역(고속)
2180006,37.7647236,128.89918138,강릉역(고속)
2301030,37.40712251,126.62572362,송도달빛축제공원
1105055,37.56301391,127.19251072,미사
1105056,37.5523343,127.20396266,하남풍산
4100379,35.19362406,129.11421898,부산원동
3040101,37.35169749,126.74322594,정왕역(수인)
3040102,37.33790675,126.76712482,신길온천역(수인)
3040103,37.32732476,126.78919835,안산역(수인)
3040104,37.32035731,126.80673458,초지역(수인)
3040105,37.31681302,126.82251902,고잔역(수인)
3040106,37.31605066,126.83863037,중앙역(수인)
3040107,37.3094975,126.85347092,한대앞역(수인)
3040108,37.29039776,126.85700622,사리
3040109,37.26149441,126.88370736,야목
3040110,37.25009099,126.90875645,어천
3040111,37.24339685,126.96388344,오목천
3040112,37.24982451,126.98052112,고색
2080030,35.93408012,126.92144564,목천(신호소)
2180008,37.74243098,128.92125129,청량(신호소)
2180007,37.73235592,128.93209869,분기(강릉삼각선)
2130043,37.4990635,129.12371785,동해역(고속)
2130041,37.69168078,129.03232186,정동진역(고속)
2130042,37.54758095,129.10759038,묵호역(고속)
2110021,35.53972688,129.35466841,태화강역(일반)
1105054,37.55743119,127.17564718,강일
2110015,35.31185292,129.24517704,좌천(동해)
2110016,35.32814366,129.27661957,월내
1107053,37.50860723,126.7035068,산곡
1107054,37.50629085,126.67479011,석남역(7호선)
2110019,35.49404913,129.30304703,덕하
2110020,35.50790541,129.32118721,개운포
2117003,35.46500395,129.36960411,울산신항
2110023,35.6146947,129.37245562,북울산
2110017,35.34625491,129.29299927,서생
2110018,35.41979602,129.28213669,남창역(일반)
2117002,35.47627633,129.32118726,용암
2110044,35.45655618,129.28785446,망양
2119001,35.4780034,129.29884672,울산기지
1108019,37.46277891,127.13926056,남위례
1105057,37.54190459,127.20646405,하남시청
1105058,37.53979029,127.22331108,하남검단산
4003001,37.26046161,127.49055946,부발역(경강)
4110001,37.26042293,127.49089739,부발역(고속)
4110003,37.25211969,127.51215624,아미
4110004,37.19729862,127.53562146,가남
2120050,37.34818962,127.83965321,서원주역(고속)
2120090,37.34804425,127.8395926,서원주역(일반)
2120029,37.31647571,127.92258455,원주역(고속)
2120092,37.31634518,127.92251159,원주역(일반)
4110008,36.97488014,127.90769818,충주역(고속)
4110006,37.0919916,127.7871438,앙성온천
4110007,37.04824321,127.90314414,금가
2122002,37.12750758,128.17615681,제천조차장
2120093,37.20040554,127.99804672,운학
2120094,37.12772171,128.20502143,제천역(고속)
4110005,37.12709646,127.63555515,감곡장호원
2120096,36.9732686,128.34398541,단양역(고속)
2080022,36.23587425,126.60684519,웅천
2080031,36.78832058,127.08482084,탕정
2110025,35.79795462,129.13897322,경주역(일반)
2120079,35.82631658,129.12537976,모량
2110030,35.88515386,129.18144374,서경주
2120077,35.89850048,129.05156717,아화
2120078,35.84274767,129.12140423,분기(경주삼각선_중앙)
2110027,35.8388074,129.13558309,분기(경주삼각선_동해)
2110033,35.97073839,129.23352445,안강
2110024,35.70746967,129.32229101,외동
1010009,36.0021456,129.28399345,부조
2120059,36.57437953,128.67490688,안동역(일반)
2120102,36.5743631,128.67475141,안동역(고속)
2120098,36.87412197,128.52434763,풍기역(고속)
2120100,36.81160533,128.62530509,영주역(고속)
2120048,36.8742483,128.52449292,풍기역(일반)
2124002,35.95621104,128.91500315,분기(영천삼각선_대구선)
U001017,37.72864298,127.09486306,차량기지임시승강장
2085001,35.94307547,126.73637935,군산옥산
2085002,35.97234407,126.56209851,군산항
2030023,37.88829427,126.74807533,임진강
2030024,37.89834671,126.70900942,도라산
2030022,37.87949852,126.77037157,운천(경의)
1104046,37.66781883,127.11618287,별내별가람
1104047,37.70517258,127.19111306,오남
1104048,37.72049877,127.20318837,진접
2010130,35.88124268,128.54122286,서대구역(고속)
1800002,37.50432249,127.02460686,신논현역(신분당)
1800003,37.51092056,127.02143112,논현역(신분당)
1800004,37.51604159,127.01955626,신사역(신분당)
2800001,37.46910537,126.94496098,관악산
2800002,37.471992,126.93370085,서울대벤처타운
2800003,37.47822022,126.93308992,서원
2800004,37.48441406,126.92963797,신림역(신림)
2800005,37.49023927,126.92762531,당곡
2800006,37.49304702,126.92361432,보라매병원
2800007,37.49549149,126.91813392,보라매공원
2800008,37.50008159,126.92036552,보라매역(신림)
2800009,37.50603958,126.92270977,서울지방병무청
2800010,37.51267135,126.92519045,대방역(신림)
2800011,37.51712026,126.92921055,샛강역(신림)
4003012,37.39474029,127.11964339,성남역(경강)
4003013,37.39465625,127.11168196,판교역(고속)
4024012,37.50616479,126.79751953,부천종합운동장역(서해)
4024013,37.52419973,126.80484345,원종
4024014,37.56183486,126.80401909,김포공항역(서해)
4024015,37.61889287,126.82050509,능곡역(서해)
4024016,37.63219466,126.80953325,대곡역(서해)
4024017,37.64571484,126.80169836,곡산역(서해)
4024018,37.65817613,126.79442699,백마역(서해)
4024019,37.6722238,126.78625679,풍산역(서해)
4024020,37.68187387,126.76987077,일산역(서해)
2023003,35.30672779,128.98502977,물금역(고속)
2110045,35.41977415,129.28208956,남창역(동해)
2010131,37.58721295,127.20882725,덕소역(고속)
4004006,37.55527399,126.97247186,서울역(GTX A)
4004007,37.61884732,126.92085631,연신내역(GTX A)
4004008,37.63224609,126.81049825,대곡역(GTX A)
4004009,37.66518674,126.74831226,킨텍스
4004010,37.71572819,126.72838666,운정중앙
4004004,37.48712037,127.10120591,수서역(GTX A)
4004003,37.39470801,127.12038662,성남역(GTX A)
4004002,37.29892994,127.10375575,구성역(GTX A)
4004001,37.20005305,127.09532589,동탄역(GTX A)
1108020,37.55718754,127.13764996,암사역사공원
1108021,37.58730107,127.13789698,장자호수공원
1108022,37.60253699,127.1405934,구리역(8호선)
1108023,37.61082405,127.13793212,동구릉
1108024,37.62419182,127.14950062,다산
1108025,37.64237547,127.12737754,별내역(8호선)
4110009,36.90216426,127.96032526,살미
4110010,36.84158499,128.00497009,수안보온천
4110011,36.78649648,128.01822507,연풍
2081006,36.79642972,126.79848458,합덕
2081005,36.83855447,126.88170777,인주
2081004,36.9710041,126.93822736,안중
2081003,37.1232403,126.91298895,향남
2081002,37.1893612,126.82117649,화성시청
2081001,37.24854787,126.78718143,서화성
4010007,36.12827036,128.33073023,구미역(대경)
4010006,36.09879654,128.35665465,사곡역(대경)
4010005,35.99309074,128.40041799,왜관역(대경)
4010004,35.88118682,128.54123385,서대구역(대경)
4010003,35.87571334,128.59549696,대구역(대경)
4010002,35.87901811,128.62860898,동대구역(대경)
4010001,35.819004,128.72738348,경산역(대경)
2201032,35.90020392,128.80318891,부호
2201031,35.87163579,128.75101915,대구한의대병원
2201033,35.90994741,128.81847121,하양역(대구1)
2082001,36.99372352,127.00411067,창내신호장
2120124,36.35447585,128.69303938,의성역(고속)
2110046,35.53976725,129.35448159,태화강역(고속)
2110119,35.16395568,129.05897208,부전역(고속)
2120095,36.16104667,128.74594293,군위
2020009,35.95869298,128.93949828,영천역(고속)
2010069,36.09876932,128.35684245,사곡역(일반)
1010010,35.87073372,128.66354724,더미(동대구-고모)
