pred_date,line,from_station_no,to_station_no,direction,time_slot,level,data_status,pred_source,predictor_version
2026-09-20,1호선,151,150,상선,0,13.650070212698836,ok,model,lightgbm:festival_selflag_d1sd_d7_resid_masked-stack_train2024-2025
2026-09-20,1호선,151,150,상선,1,0.0,ok,model,lightgbm:festival_selflag_d1sd_d7_resid_masked-stack_train2024-2025
2026-09-20,1호선,151,150,상선,11,4.09410838679351,ok,model,lightgbm:festival_selflag_d1sd_d7_resid_masked-stack_train2024-2025
2026-09-20,1호선,151,150,상선,12,7.416332275077322,ok,model,lightgbm:festival_selflag_d1sd_d7_resid_masked-stack_train2024-2025
2026-09-20,1호선,151,150,상선,13,9.112251457648862,ok,model,lightgbm:festival_selflag_d1sd_d7_resid_masked-stack_train2024-2025
2026-09-20,1호선,151,150,상선,14,10.21880059369798,ok,model,lightgbm:festival_selflag_d1sd_d7_resid_masked-stack_train2024-2025
2026-09-20,1호선,151,150,상선,15,9.619343083713591,ok,model,lightgbm:festival_selflag_d1sd_d7_resid_masked-stack_train2024-2025
2026-09-20,1호선,151,150,상선,16,13.369781111527052,ok,model,lightgbm:festival_selflag_d1sd_d7_resid_masked-stack_train2024-2025
2026-09-20,1호선,151,150,상선,17,18.55780122942244,ok,model,lightgbm:festival_selflag_d1sd_d7_resid_masked-stack_train2024-2025
2026-09-20,1호선,151,150,상선,18,22.646161399153875,ok,model,lightgbm:festival_selflag_d1sd_d7_resid_masked-stack_train2024-2025
2026-09-20,1호선,151,150,상선,19,30.9332699488462,ok,model,lightgbm:festival_selflag_d1sd_d7_resid_masked-stack_train2024-2025
2026-09-20,1호선,151,150,상선,20,32.00918705927015,ok,model,lightgbm:festival_selflag_d1sd_d7_resid_masked-stack_train2024-2025
2026-09-20,1호선,150,151,하선,0,1.7229770879488375,ok,model,lightgbm:festival_selflag_d1sd_d7_resid_masked-stack_train2024-2025
2026-09-20,1호선,150,151,하선,1,0.0,ok,model,lightgbm:festival_selflag_d1sd_d7_resid_masked-stack_train2024-2025
2026-09-20,1호선,150,151,하선,11,4.526703450386241,ok,model,lightgbm:festival_selflag_d1sd_d7_resid_masked-stack_train2024-2025
2026-09-20,1호선,150,151,하선,12,6.2210375879176665,ok,model,lightgbm:festival_selflag_d1sd_d7_resid_masked-stack_train2024-2025
2026-09-20,1호선,150,151,하선,13,4.502267642690844,ok,model,lightgbm:festival_selflag_d1sd_d7_resid_masked-stack_train2024-2025
2026-09-20,1호선,150,151,하선,14,4.3461216258115565,ok,model,lightgbm:festival_selflag_d1sd_d7_resid_masked-stack_train2024-2025
2026-09-20,1호선,150,151,하선,15,5.775711362511434,ok,model,lightgbm:festival_selflag_d1sd_d7_resid_masked-stack_train2024-2025
2026-09-20,1호선,150,151,하선,16,9.69985482668763,ok,model,lightgbm:festival_selflag_d1sd_d7_resid_masked-stack_train2024-2025
2026-09-20,1호선,150,151,하선,17,12.907298769497803,ok,model,lightgbm:festival_selflag_d1sd_d7_resid_masked-stack_train2024-2025
2026-09-20,1호선,150,151,하선,18,15.048634876101476,ok,model,lightgbm:festival_selflag_d1sd_d7_resid_masked-stack_train2024-2025
2026-09-20,1호선,150,151,하선,19,18.162616294594685,ok,model,lightgbm:festival_selflag_d1sd_d7_resid_masked-stack_train2024-2025
2026-09-20,1호선,150,151,하선,20,23.93436239657377,ok,model,lightgbm:festival_selflag_d1sd_d7_resid_masked-stack_train2024-2025
2026-09-20,2호선,201,202,내선,0,0.0,ok,model,lightgbm:festival_selflag_d1sd_d7_resid_masked-stack_train2024-2025
2026-09-20,2호선,201,202,내선,1,0.0,ok,model,lightgbm:festival_selflag_d1sd_d7_resid_masked-stack_train2024-2025
2026-09-20,2호선,201,202,내선,11,13.292396814980084,ok,model,lightgbm:festival_selflag_d1sd_d7_resid_masked-stack_train2024-2025
2026-09-20,2호선,201,202,내선,12,11.113395587563408,ok,model,lightgbm:festival_selflag_d1sd_d7_resid_masked-stack_train2024-2025
2026-09-20,2호선,201,202,내선,13,9.1288606612128,ok,model,lightgbm:festival_selflag_d1sd_d7_resid_masked-stack_train2024-2025
2026-09-20,2호선,201,202,내선,14,9.388115127973071,ok,model,lightgbm:festival_selflag_d1sd_d7_resid_masked-stack_train2024-2025
2026-09-20,2호선,201,202,내선,15,12.451605327627444,ok,model,lightgbm:festival_selflag_d1sd_d7_resid_masked-stack_train2024-2025
2026-09-20,2호선,201,202,내선,16,17.136716435759062,ok,model,lightgbm:festival_selflag_d1sd_d7_resid_masked-stack_train2024-2025
2026-09-20,2호선,201,202,내선,17,24.268760270294624,ok,model,lightgbm:festival_selflag_d1sd_d7_resid_masked-stack_train2024-2025
2026-09-20,2호선,201,202,내선,18,31.78009241487037,ok,model,lightgbm:festival_selflag_d1sd_d7_resid_masked-stack_train2024-2025
2026-09-20,2호선,201,202,내선,19,34.163599345985645,ok,model,lightgbm:festival_selflag_d1sd_d7_resid_masked-stack_train2024-2025
2026-09-20,2호선,201,202,내선,20,31.320041764064527,ok,model,lightgbm:festival_selflag_d1sd_d7_resid_masked-stack_train2024-2025
2026-09-20,2호선,204,205,내선,0,0.0,ok,lookup_negative,lightgbm:festival_selflag_d1sd_d7_resid_masked-stack_train2024-2025
2026-09-20,2호선,204,205,내선,1,0.0,ok,lookup_negative,lightgbm:festival_selflag_d1sd_d7_resid_masked-stack_train2024-2025
2026-09-20,2호선,211,212,내선,0,0.0,ok,lookup_negative,lightgbm:festival_selflag_d1sd_d7_resid_masked-stack_train2024-2025
2026-09-20,2호선,211,212,내선,1,0.0,ok,lookup_negative,lightgbm:festival_selflag_d1sd_d7_resid_masked-stack_train2024-2025
2026-09-20,2호선,213,214,내선,0,0.0,ok,lookup_negative,lightgbm:festival_selflag_d1sd_d7_resid_masked-stack_train2024-2025
2026-09-20,2호선,213,214,내선,1,0.0,ok,lookup_negative,lightgbm:festival_selflag_d1sd_d7_resid_masked-stack_train2024-2025
2026-09-20,2호선,215,216,내선,0,0.0,ok,lookup_negative,lightgbm:festival_selflag_d1sd_d7_resid_masked-stack_train2024-2025
2026-09-20,2호선,215,216,내선,1,0.0,ok,lookup_negative,lightgbm:festival_selflag_d1sd_d7_resid_masked-stack_train2024-2025
2026-09-20,2호선,229,230,내선,0,0.0,ok,lookup_negative,lightgbm:festival_selflag_d1sd_d7_resid_masked-stack_train2024-2025
2026-09-20,2호선,229,230,내선,1,0.0,ok,lookup_negative,lightgbm:festival_selflag_d1sd_d7_resid_masked-stack_train2024-2025
2026-09-20,2호선,244,211,상선,0,0.0,ok,model,lightgbm:festival_selflag_d1sd_d7_resid_masked-stack_train2024-2025
2026-09-20,2호선,244,211,상선,1,0.0,ok,model,lightgbm:festival_selflag_d1sd_d7_resid_masked-stack_train2024-2025
2026-09-20,2호선,244,211,상선,11,5.643756248110684,ok,model,lightgbm:festival_selflag_d1sd_d7_resid_masked-stack_train2024-2025
2026-09-20,2호선,244,211,상선,12,6.520031224406059,ok,model,lightgbm:festival_selflag_d1sd_d7_resid_masked-stack_train2024-2025
2026-09-20,2호선,244,211,상선,13,4.939417594247015,ok,model,lightgbm:festival_selflag_d1sd_d7_resid_masked-stack_train2024-2025
2026-09-20,2호선,244,211,상선,14,5.546783896201977,ok,model,lightgbm:festival_selflag_d1sd_d7_resid_masked-stack_train2024-2025
2026-09-20,2호선,244,211,상선,15,5.546783896201977,ok,model,lightgbm:festival_selflag_d1sd_d7_resid_masked-stack_train2024-2025
2026-09-20,2호선,244,211,상선,16,7.8199637703128415,ok,model,lightgbm:festival_selflag_d1sd_d7_resid_masked-stack_train2024-2025
2026-09-20,2호선,244,211,상선,17,10.627130251963608,ok,model,lightgbm:festival_selflag_d1sd_d7_resid_masked-stack_train2024-2025
2026-09-20,2호선,244,211,상선,18,14.390833112365565,ok,model,lightgbm:festival_selflag_d1sd_d7_resid_masked-stack_train2024-2025
2026-09-20,2호선,244,211,상선,19,18.21497058278439,ok,model,lightgbm:festival_selflag_d1sd_d7_resid_masked-stack_train2024-2025
2026-09-20,2호선,244,211,상선,20,21.14791828749688,ok,model,lightgbm:festival_selflag_d1sd_d7_resid_masked-stack_train2024-2025
2026-09-20,2호선,201,243,외선,0,0.0,ok,model,lightgbm:festival_selflag_d1sd_d7_resid_masked-stack_train2024-2025
2026-09-20,2호선,201,243,외선,1,0.0,ok,model,lightgbm:festival_selflag_d1sd_d7_resid_masked-stack_train2024-2025
2026-09-20,2호선,201,243,외선,11,5.124862670971989,ok,model,lightgbm:festival_selflag_d1sd_d7_resid_masked-stack_train2024-2025
2026-09-20,2호선,201,243,외선,12,8.533154226799192,ok,model,lightgbm:festival_selflag_d1sd_d7_resid_masked-stack_train2024-2025
2026-09-20,2호선,201,243,외선,13,7.044813373287706,ok,model,lightgbm:festival_selflag_d1sd_d7_resid_masked-stack_train2024-2025
2026-09-20,2호선,201,243,외선,14,6.61488813395137,ok,model,lightgbm:festival_selflag_d1sd_d7_resid_masked-stack_train2024-2025
2026-09-20,2호선,201,243,외선,15,7.799644217644152,ok,model,lightgbm:festival_selflag_d1sd_d7_resid_masked-stack_train2024-2025
2026-09-20,2호선,201,243,외선,16,12.773799072043914,ok,model,lightgbm:festival_selflag_d1sd_d7_resid_masked-stack_train2024-2025
2026-09-20,2호선,201,243,외선,17,13.466950959674206,ok,model,lightgbm:festival_selflag_d1sd_d7_resid_masked-stack_train2024-2025
2026-09-20,2호선,201,243,외선,18,16.499475667983273,ok,model,lightgbm:festival_selflag_d1sd_d7_resid_masked-stack_train2024-2025
2026-09-20,2호선,201,243,외선,19,26.637707704936847,ok,model,lightgbm:festival_selflag_d1sd_d7_resid_masked-stack_train2024-2025
2026-09-20,2호선,201,243,외선,20,27.760903186903988,ok,model,lightgbm:festival_selflag_d1sd_d7_resid_masked-stack_train2024-2025
2026-09-20,2호선,204,203,외선,0,0.0,ok,lookup_negative,lightgbm:festival_selflag_d1sd_d7_resid_masked-stack_train2024-2025
2026-09-20,2호선,204,203,외선,1,0.0,ok,lookup_negative,lightgbm:festival_selflag_d1sd_d7_resid_masked-stack_train2024-2025
2026-09-20,2호선,211,210,외선,0,0.0,ok,lookup_negative,lightgbm:festival_selflag_d1sd_d7_resid_masked-stack_train2024-2025
2026-09-20,2호선,211,210,외선,1,0.0,ok,lookup_negative,lightgbm:festival_selflag_d1sd_d7_resid_masked-stack_train2024-2025
2026-09-20,2호선,213,212,외선,0,0.0,ok,lookup_negative,lightgbm:festival_selflag_d1sd_d7_resid_masked-stack_train2024-2025
2026-09-20,2호선,213,212,외선,1,0.0,ok,lookup_negative,lightgbm:festival_selflag_d1sd_d7_resid_masked-stack_train2024-2025
2026-09-20,2호선,215,214,외선,0,0.0,ok,lookup_negative,lightgbm:festival_selflag_d1sd_d7_resid_masked-stack_train2024-2025
2026-09-20,2호선,215,214,외선,1,0.0,ok,lookup_negative,lightgbm:festival_selflag_d1sd_d7_resid_masked-stack_train2024-2025
2026-09-20,2호선,211,244,하선,0,,no_calibration,lookup_negative,lightgbm:festival_selflag_d1sd_d7_resid_masked-stack_train2024-2025
2026-09-20,2호선,211,244,하선,1,,no_calibration,lookup_negative,lightgbm:festival_selflag_d1sd_d7_resid_masked-stack_train2024-2025
2026-09-20,2호선,211,244,하선,11,,no_calibration,model,lightgbm:festival_selflag_d1sd_d7_resid_masked-stack_train2024-2025
2026-09-20,2호선,211,244,하선,12,,no_calibration,model,lightgbm:festival_selflag_d1sd_d7_resid_masked-stack_train2024-2025
2026-09-20,2호선,211,244,하선,13,,no_calibration,model,lightgbm:festival_selflag_d1sd_d7_resid_masked-stack_train2024-2025
2026-09-20,2호선,211,244,하선,14,,no_calibration,model,lightgbm:festival_selflag_d1sd_d7_resid_masked-stack_train2024-2025
2026-09-20,2호선,211,244,하선,15,,no_calibration,model,lightgbm:festival_selflag_d1sd_d7_resid_masked-stack_train2024-2025
2026-09-20,2호선,211,244,하선,16,,no_calibration,model,lightgbm:festival_selflag_d1sd_d7_resid_masked-stack_train2024-2025
2026-09-20,2호선,211,244,하선,17,,no_calibration,model,lightgbm:festival_selflag_d1sd_d7_resid_masked-stack_train2024-2025
2026-09-20,2호선,211,244,하선,18,,no_calibration,model,lightgbm:festival_selflag_d1sd_d7_resid_masked-stack_train2024-2025
2026-09-20,2호선,211,244,하선,19,,no_calibration,model,lightgbm:festival_selflag_d1sd_d7_resid_masked-stack_train2024-2025
2026-09-20,2호선,211,244,하선,20,,no_calibration,model,lightgbm:festival_selflag_d1sd_d7_resid_masked-stack_train2024-2025
2026-09-20,2호선,211,244,하선,21,,no_calibration,model,lightgbm:festival_selflag_d1sd_d7_resid_masked-stack_train2024-2025
2026-09-20,2호선,211,244,하선,22,,no_calibration,model,lightgbm:festival_selflag_d1sd_d7_resid_masked-stack_train2024-2025
2026-09-20,2호선,211,244,하선,23,,no_calibration,model,lightgbm:festival_selflag_d1sd_d7_resid_masked-stack_train2024-2025
2026-09-20,2호선,211,244,하선,24,,no_calibration,model,lightgbm:festival_selflag_d1sd_d7_resid_masked-stack_train2024-2025
2026-09-20,2호선,211,244,하선,25,,no_calibration,model,lightgbm:festival_selflag_d1sd_d7_resid_masked-stack_train2024-2025
2026-09-20,2호선,211,244,하선,26,,no_calibration,model,lightgbm:festival_selflag_d1sd_d7_resid_masked-stack_train2024-2025
2026-09-20,2호선,211,244,하선,27,,no_calibration,model,lightgbm:festival_selflag_d1sd_d7_resid_masked-stack_train2024-2025
2026-09-20,2호선,211,244,하선,28,,no_calibration,model,lightgbm:festival_selflag_d1sd_d7_resid_masked-stack_train2024-2025
2026-09-20,3호선,310,309,상선,0,0.0,ok,model,lightgbm:festival_selflag_d1sd_d7_resid_masked-stack_train2024-2025
2026-09-20,3호선,310,309,상선,1,0.0,ok,model,lightgbm:festival_selflag_d1sd_d7_resid_masked-stack_train2024-2025
2026-09-20,3호선,310,309,상선,11,7.456649625946112,ok,model,lightgbm:festival_selflag_d1sd_d7_resid_masked-stack_train2024-2025
2026-09-20,3호선,310,309,상선,12,6.000018940758608,ok,model,lightgbm:festival_selflag_d1sd_d7_resid_masked-stack_train2024-2025
2026-09-20,3호선,310,309,상선,13,3.800014960438728,ok,model,lightgbm:festival_selflag_d1sd_d7_resid_masked-stack_train2024-2025
2026-09-20,3호선,310,309,상선,14,3.3996180297684,ok,model,lightgbm:festival_selflag_d1sd_d7_resid_masked-stack_train2024-2025
2026-09-20,3호선,310,309,상선,15,4.699415012784101,ok,model,lightgbm:festival_selflag_d1sd_d7_resid_masked-stack_train2024-2025
2026-09-20,3호선,310,309,상선,16,6.098584093409512,ok,model,lightgbm:festival_selflag_d1sd_d7_resid_masked-stack_train2024-2025
2026-09-20,3호선,310,309,상선,17,4.99824715570368,ok,model,lightgbm:festival_selflag_d1sd_d7_resid_masked-stack_train2024-2025
2026-09-20,3호선,310,309,상선,18,11.496947452915292,ok,model,lightgbm:festival_selflag_d1sd_d7_resid_masked-stack_train2024-2025
2026-09-20,3호선,310,309,상선,19,8.097866981355285,ok,model,lightgbm:festival_selflag_d1sd_d7_resid_masked-stack_train2024-2025
2026-09-20,3호선,310,309,상선,20,11.384734321131107,ok,model,lightgbm:festival_selflag_d1sd_d7_resid_masked-stack_train2024-2025
2026-09-20,3호선,309,310,하선,0,0.0,ok,model,lightgbm:festival_selflag_d1sd_d7_resid_masked-stack_train2024-2025
2026-09-20,3호선,309,310,하선,1,0.0,ok,model,lightgbm:festival_selflag_d1sd_d7_resid_masked-stack_train2024-2025
2026-09-20,3호선,309,310,하선,11,23.80617405017664,ok,model,lightgbm:festival_selflag_d1sd_d7_resid_masked-stack_train2024-2025
2026-09-20,3호선,309,310,하선,12,12.152515267515646,ok,model,lightgbm:festival_selflag_d1sd_d7_resid_masked-stack_train2024-2025
2026-09-20,3호선,309,310,하선,13,13.547066199853507,ok,model,lightgbm:festival_selflag_d1sd_d7_resid_masked-stack_train2024-2025
2026-09-20,3호선,309,310,하선,14,14.639332739218045,ok,model,lightgbm:festival_selflag_d1sd_d7_resid_masked-stack_train2024-2025
2026-09-20,3호선,309,310,하선,15,19.41952302141169,ok,model,lightgbm:festival_selflag_d1sd_d7_resid_masked-stack_train2024-2025
2026-09-20,3호선,309,310,하선,16,26.95518916855305,ok,model,lightgbm:festival_selflag_d1sd_d7_resid_masked-stack_train2024-2025
2026-09-20,3호선,309,310,하선,17,22.26298957254568,ok,model,lightgbm:festival_selflag_d1sd_d7_resid_masked-stack_train2024-2025
2026-09-20,3호선,309,310,하선,18,34.549616491921896,ok,model,lightgbm:festival_selflag_d1sd_d7_resid_masked-stack_train2024-2025
2026-09-20,3호선,309,310,하선,19,35.5481603211682,ok,model,lightgbm:festival_selflag_d1sd_d7_resid_masked-stack_train2024-2025
2026-09-20,3호선,309,310,하선,20,39.32916956762801,ok,model,lightgbm:festival_selflag_d1sd_d7_resid_masked-stack_train2024-2025
2026-09-20,4호선,410,409,상선,0,0.0,ok,model,lightgbm:festival_selflag_d1sd_d7_resid_masked-stack_train2024-2025
2026-09-20,4호선,410,409,상선,1,0.0,ok,model,lightgbm:festival_selflag_d1sd_d7_resid_masked-stack_train2024-2025
2026-09-20,4호선,410,409,상선,11,0.0,ok,model,lightgbm:festival_selflag_d1sd_d7_resid_masked-stack_train2024-2025
2026-09-20,4호선,410,409,상선,12,3.797401204342179,ok,model,lightgbm:festival_selflag_d1sd_d7_resid_masked-stack_train2024-2025
2026-09-20,4호선,410,409,상선,13,2.4982043597331263,ok,model,lightgbm:festival_selflag_d1sd_d7_resid_masked-stack_train2024-2025
2026-09-20,4호선,410,409,상선,14,1.6972475548833763,ok,model,lightgbm:festival_selflag_d1sd_d7_resid_masked-stack_train2024-2025
2026-09-20,4호선,410,409,상선,15,1.8976326454253645,ok,model,lightgbm:festival_selflag_d1sd_d7_resid_masked-stack_train2024-2025
2026-09-20,4호선,410,409,상선,16,2.599773212326804,ok,model,lightgbm:festival_selflag_d1sd_d7_resid_masked-stack_train2024-2025
2026-09-20,4호선,410,409,상선,17,3.3997580681843456,ok,model,lightgbm:festival_selflag_d1sd_d7_resid_masked-stack_train2024-2025
2026-09-20,4호선,410,409,상선,18,3.703400709688371,ok,model,lightgbm:festival_selflag_d1sd_d7_resid_masked-stack_train2024-2025
2026-09-20,4호선,410,409,상선,19,5.005558943408604,ok,model,lightgbm:festival_selflag_d1sd_d7_resid_masked-stack_train2024-2025
2026-09-20,4호선,410,409,상선,20,3.801689294577713,ok,model,lightgbm:festival_selflag_d1sd_d7_resid_masked-stack_train2024-2025
2026-09-20,4호선,409,410,하선,0,0.0,ok,model,lightgbm:festival_selflag_d1sd_d7_resid_masked-stack_train2024-2025
2026-09-20,4호선,409,410,하선,1,0.0,ok,model,lightgbm:festival_selflag_d1sd_d7_resid_masked-stack_train2024-2025
2026-09-20,4호선,409,410,하선,11,2.499538002657008,ok,model,lightgbm:festival_selflag_d1sd_d7_resid_masked-stack_train2024-2025
2026-09-20,4호선,409,410,하선,12,2.4996106734868704,ok,model,lightgbm:festival_selflag_d1sd_d7_resid_masked-stack_train2024-2025
2026-09-20,4호선,409,410,하선,13,2.399471155538515,ok,model,lightgbm:festival_selflag_d1sd_d7_resid_masked-stack_train2024-2025
2026-09-20,4호선,409,410,하선,14,3.399628418682389,ok,model,lightgbm:festival_selflag_d1sd_d7_resid_masked-stack_train2024-2025
2026-09-20,4호선,409,410,하선,15,3.79954806052734,ok,model,lightgbm:festival_selflag_d1sd_d7_resid_masked-stack_train2024-2025
2026-09-20,4호선,409,410,하선,16,6.400015836038812,ok,model,lightgbm:festival_selflag_d1sd_d7_resid_masked-stack_train2024-2025
2026-09-20,4호선,409,410,하선,17,8.900015809514773,ok,model,lightgbm:festival_selflag_d1sd_d7_resid_masked-stack_train2024-2025
2026-09-20,4호선,409,410,하선,18,7.699956102241547,ok,model,lightgbm:festival_selflag_d1sd_d7_resid_masked-stack_train2024-2025
2026-09-20,4호선,409,410,하선,19,9.399960203049412,ok,model,lightgbm:festival_selflag_d1sd_d7_resid_masked-stack_train2024-2025
2026-09-20,4호선,409,410,하선,20,10.999496015929829,ok,model,lightgbm:festival_selflag_d1sd_d7_resid_masked-stack_train2024-2025
2026-09-20,5호선,2512,2511,상선,0,1.836114885127223,ok,model,lightgbm:festival_selflag_d1sd_d7_resid_masked-stack_train2024-2025
2026-09-20,5호선,2512,2511,상선,1,0.0,ok,model,lightgbm:festival_selflag_d1sd_d7_resid_masked-stack_train2024-2025
2026-09-20,5호선,2512,2511,상선,11,1.3899324078003137,ok,model,lightgbm:festival_selflag_d1sd_d7_resid_masked-stack_train2024-2025
2026-09-20,5호선,2512,2511,상선,12,1.077877308940547,ok,model,lightgbm:festival_selflag_d1sd_d7_resid_masked-stack_train2024-2025
2026-09-20,5호선,2512,2511,상선,13,0.6859219238712569,ok,model,lightgbm:festival_selflag_d1sd_d7_resid_masked-stack_train2024-2025
2026-09-20,5호선,2512,2511,상선,14,0.5807380166811557,ok,model,lightgbm:festival_selflag_d1sd_d7_resid_masked-stack_train2024-2025
2026-09-20,5호선,2512,2511,상선,15,0.8711070250217334,ok,model,lightgbm:festival_selflag_d1sd_d7_resid_masked-stack_train2024-2025
2026-09-20,5호선,2512,2511,상선,16,0.7928257696104544,ok,model,lightgbm:festival_selflag_d1sd_d7_resid_masked-stack_train2024-2025
2026-09-20,5호선,2512,2511,상선,17,0.8919289908117611,ok,model,lightgbm:festival_selflag_d1sd_d7_resid_masked-stack_train2024-2025
2026-09-20,5호선,2512,2511,상선,18,1.0961657794905706,ok,model,lightgbm:festival_selflag_d1sd_d7_resid_masked-stack_train2024-2025
2026-09-20,5호선,2512,2511,상선,19,1.3951200829879986,ok,model,lightgbm:festival_selflag_d1sd_d7_resid_masked-stack_train2024-2025
2026-09-20,5호선,2512,2511,상선,20,1.3962128107526957,ok,model,lightgbm:festival_selflag_d1sd_d7_resid_masked-stack_train2024-2025
2026-09-20,5호선,2511,2512,하선,0,0.0,ok,lookup_negative,lightgbm:festival_selflag_d1sd_d7_resid_masked-stack_train2024-2025
2026-09-20,5호선,2511,2512,하선,1,0.0,ok,lookup_negative,lightgbm:festival_selflag_d1sd_d7_resid_masked-stack_train2024-2025
2026-09-20,5호선,2511,2512,하선,11,1.4983727942248606,ok,model,lightgbm:festival_selflag_d1sd_d7_resid_masked-stack_train2024-2025
2026-09-20,5호선,2511,2512,하선,12,1.296360571225558,ok,model,lightgbm:festival_selflag_d1sd_d7_resid_masked-stack_train2024-2025
2026-09-20,5호선,2511,2512,하선,13,1.096920483344703,ok,model,lightgbm:festival_selflag_d1sd_d7_resid_masked-stack_train2024-2025
2026-09-20,5호선,2511,2512,하선,14,1.396885661212411,ok,model,lightgbm:festival_selflag_d1sd_d7_resid_masked-stack_train2024-2025
2026-09-20,5호선,2511,2512,하선,15,1.5964407556713271,ok,model,lightgbm:festival_selflag_d1sd_d7_resid_masked-stack_train2024-2025
2026-09-20,5호선,2511,2512,하선,16,1.8988316636776843,ok,model,lightgbm:festival_selflag_d1sd_d7_resid_masked-stack_train2024-2025
2026-09-20,5호선,2511,2512,하선,17,2.5984012239799896,ok,model,lightgbm:festival_selflag_d1sd_d7_resid_masked-stack_train2024-2025
2026-09-20,5호선,2511,2512,하선,18,3.098168139365022,ok,model,lightgbm:festival_selflag_d1sd_d7_resid_masked-stack_train2024-2025
2026-09-20,5호선,2511,2512,하선,19,3.098168139365022,ok,model,lightgbm:festival_selflag_d1sd_d7_resid_masked-stack_train2024-2025
2026-09-20,5호선,2511,2512,하선,20,3.396694874003976,ok,model,lightgbm:festival_selflag_d1sd_d7_resid_masked-stack_train2024-2025
2026-09-20,5호선,2549,2550,하선,15,8.057363704521032,ok,model,lightgbm:festival_selflag_d1sd_d7_resid_masked-stack_train2024-2025
2026-09-20,5호선,2549,2550,하선,16,11.368335048943155,ok,model,lightgbm:festival_selflag_d1sd_d7_resid_masked-stack_train2024-2025
2026-09-20,5호선,2549,2550,하선,17,19.894586335650523,ok,model,lightgbm:festival_selflag_d1sd_d7_resid_masked-stack_train2024-2025
2026-09-20,5호선,2549,2550,하선,18,23.355985243476454,ok,model,lightgbm:festival_selflag_d1sd_d7_resid_masked-stack_train2024-2025
2026-09-20,5호선,2549,2550,하선,19,15.271221120734602,ok,model,lightgbm:festival_selflag_d1sd_d7_resid_masked-stack_train2024-2025
2026-09-20,5호선,2549,2550,하선,20,18.86194499531195,ok,model,lightgbm:festival_selflag_d1sd_d7_resid_masked-stack_train2024-2025
2026-09-20,5호선,2549,2555,하선,15,8.057363704521032,ok,model,lightgbm:festival_selflag_d1sd_d7_resid_masked-stack_train2024-2025
2026-09-20,5호선,2549,2555,하선,16,11.368335048943155,ok,model,lightgbm:festival_selflag_d1sd_d7_resid_masked-stack_train2024-2025
2026-09-20,5호선,2549,2555,하선,17,19.894586335650523,ok,model,lightgbm:festival_selflag_d1sd_d7_resid_masked-stack_train2024-2025
2026-09-20,5호선,2549,2555,하선,18,23.355985243476454,ok,model,lightgbm:festival_selflag_d1sd_d7_resid_masked-stack_train2024-2025
2026-09-20,5호선,2549,2555,하선,19,15.271221120734602,ok,model,lightgbm:festival_selflag_d1sd_d7_resid_masked-stack_train2024-2025
2026-09-20,5호선,2549,2555,하선,20,18.86194499531195,ok,model,lightgbm:festival_selflag_d1sd_d7_resid_masked-stack_train2024-2025
2026-09-20,6호선,2612,2611,상선,0,,no_calibration,lookup_negative,lightgbm:festival_selflag_d1sd_d7_resid_masked-stack_train2024-2025
2026-09-20,6호선,2612,2611,상선,1,,no_calibration,lookup_negative,lightgbm:festival_selflag_d1sd_d7_resid_masked-stack_train2024-2025
2026-09-20,6호선,2612,2611,상선,11,,no_calibration,model,lightgbm:festival_selflag_d1sd_d7_resid_masked-stack_train2024-2025
2026-09-20,6호선,2612,2611,상선,12,,no_calibration,model,lightgbm:festival_selflag_d1sd_d7_resid_masked-stack_train2024-2025
2026-09-20,6호선,2612,2611,상선,13,,no_calibration,model,lightgbm:festival_selflag_d1sd_d7_resid_masked-stack_train2024-2025
2026-09-20,6호선,2612,2611,상선,14,,no_calibration,model,lightgbm:festival_selflag_d1sd_d7_resid_masked-stack_train2024-2025
2026-09-20,6호선,2612,2611,상선,15,,no_calibration,model,lightgbm:festival_selflag_d1sd_d7_resid_masked-stack_train2024-2025
2026-09-20,6호선,2612,2611,상선,16,,no_calibration,model,lightgbm:festival_selflag_d1sd_d7_resid_masked-stack_train2024-2025
2026-09-20,6호선,2612,2611,상선,17,,no_calibration,model,lightgbm:festival_selflag_d1sd_d7_resid_masked-stack_train2024-2025
2026-09-20,6호선,2612,2611,상선,18,,no_calibration,model,lightgbm:festival_selflag_d1sd_d7_resid_masked-stack_train2024-2025
2026-09-20,6호선,2612,2611,상선,19,,no_calibration,model,lightgbm:festival_selflag_d1sd_d7_resid_masked-stack_train2024-2025
2026-09-20,6호선,2612,2611,상선,20,,no_calibration,model,lightgbm:festival_selflag_d1sd_d7_resid_masked-stack_train2024-2025
2026-09-20,6호선,2611,2612,하선,0,0.0,ok,model,lightgbm:festival_selflag_d1sd_d7_resid_masked-stack_train2024-2025
2026-09-20,6호선,2611,2612,하선,1,0.0,ok,model,lightgbm:festival_selflag_d1sd_d7_resid_masked-stack_train2024-2025
2026-09-20,6호선,2611,2612,하선,11,13.09318533084028,ok,model,lightgbm:festival_selflag_d1sd_d7_resid_masked-stack_train2024-2025
2026-09-20,6호선,2611,2612,하선,12,8.889016008197906,ok,model,lightgbm:festival_selflag_d1sd_d7_resid_masked-stack_train2024-2025
2026-09-20,6호선,2611,2612,하선,13,9.6880286830921,ok,model,lightgbm:festival_selflag_d1sd_d7_resid_masked-stack_train2024-2025
2026-09-20,6호선,2611,2612,하선,14,11.190275467599582,ok,model,lightgbm:festival_selflag_d1sd_d7_resid_masked-stack_train2024-2025
2026-09-20,6호선,2611,2612,하선,15,11.98958085814241,ok,model,lightgbm:festival_selflag_d1sd_d7_resid_masked-stack_train2024-2025
2026-09-20,6호선,2611,2612,하선,16,16.39622336205904,ok,model,lightgbm:festival_selflag_d1sd_d7_resid_masked-stack_train2024-2025
2026-09-20,6호선,2611,2612,하선,17,18.795670683335977,ok,model,lightgbm:festival_selflag_d1sd_d7_resid_masked-stack_train2024-2025
2026-09-20,6호선,2611,2612,하선,18,23.694730971158044,ok,model,lightgbm:festival_selflag_d1sd_d7_resid_masked-stack_train2024-2025
2026-09-20,6호선,2611,2612,하선,19,25.194397488319947,ok,model,lightgbm:festival_selflag_d1sd_d7_resid_masked-stack_train2024-2025
2026-09-20,6호선,2611,2612,하선,20,27.788988823148028,ok,model,lightgbm:festival_selflag_d1sd_d7_resid_masked-stack_train2024-2025
2026-09-20,7호선,2712,2711,상선,0,0.0,ok,model,lightgbm:festival_selflag_d1sd_d7_resid_masked-stack_train2024-2025
2026-09-20,7호선,2712,2711,상선,1,0.0,ok,model,lightgbm:festival_selflag_d1sd_d7_resid_masked-stack_train2024-2025
2026-09-20,7호선,2712,2711,상선,11,0.0921456145769373,ok,model,lightgbm:festival_selflag_d1sd_d7_resid_masked-stack_train2024-2025
2026-09-20,7호선,2712,2711,상선,12,0.3957843586205734,ok,model,lightgbm:festival_selflag_d1sd_d7_resid_masked-stack_train2024-2025
2026-09-20,7호선,2712,2711,상선,13,0.4947304482757167,ok,model,lightgbm:festival_selflag_d1sd_d7_resid_masked-stack_train2024-2025
2026-09-20,7호선,2712,2711,상선,14,0.2939339547066586,ok,model,lightgbm:festival_selflag_d1sd_d7_resid_masked-stack_train2024-2025
2026-09-20,7호선,2712,2711,상선,15,0.2939339547066586,ok,model,lightgbm:festival_selflag_d1sd_d7_resid_masked-stack_train2024-2025
2026-09-20,7호선,2712,2711,상선,16,0.4962813798510359,ok,model,lightgbm:festival_selflag_d1sd_d7_resid_masked-stack_train2024-2025
2026-09-20,7호선,2712,2711,상선,17,0.8933064837318647,ok,model,lightgbm:festival_selflag_d1sd_d7_resid_masked-stack_train2024-2025
2026-09-20,7호선,2712,2711,상선,18,0.899038406765598,ok,model,lightgbm:festival_selflag_d1sd_d7_resid_masked-stack_train2024-2025
2026-09-20,7호선,2712,2711,상선,19,1.49839734460933,ok,model,lightgbm:festival_selflag_d1sd_d7_resid_masked-stack_train2024-2025
2026-09-20,7호선,2712,2711,상선,20,1.099001592426795,ok,model,lightgbm:festival_selflag_d1sd_d7_resid_masked-stack_train2024-2025
2026-09-20,7호선,2711,2712,하선,0,0.0,ok,lookup_negative,lightgbm:festival_selflag_d1sd_d7_resid_masked-stack_train2024-2025
2026-09-20,7호선,2711,2712,하선,1,0.0,ok,lookup_negative,lightgbm:festival_selflag_d1sd_d7_resid_masked-stack_train2024-2025
2026-09-20,7호선,2711,2712,하선,11,0.8995413680034742,ok,model,lightgbm:festival_selflag_d1sd_d7_resid_masked-stack_train2024-2025
2026-09-20,7호선,2711,2712,하선,12,0.7996506209493824,ok,model,lightgbm:festival_selflag_d1sd_d7_resid_masked-stack_train2024-2025
2026-09-20,7호선,2711,2712,하선,13,0.4998304349429155,ok,model,lightgbm:festival_selflag_d1sd_d7_resid_masked-stack_train2024-2025
2026-09-20,7호선,2711,2712,하선,14,0.8995518536989363,ok,model,lightgbm:festival_selflag_d1sd_d7_resid_masked-stack_train2024-2025
2026-09-20,7호선,2711,2712,하선,15,1.599426218164472,ok,model,lightgbm:festival_selflag_d1sd_d7_resid_masked-stack_train2024-2025
2026-09-20,7호선,2711,2712,하선,16,1.0998268883223845,ok,model,lightgbm:festival_selflag_d1sd_d7_resid_masked-stack_train2024-2025
2026-09-20,7호선,2711,2712,하선,17,1.3998294847729278,ok,model,lightgbm:festival_selflag_d1sd_d7_resid_masked-stack_train2024-2025
2026-09-20,7호선,2711,2712,하선,18,2.499695682437686,ok,model,lightgbm:festival_selflag_d1sd_d7_resid_masked-stack_train2024-2025
2026-09-20,7호선,2711,2712,하선,19,1.8998319703448223,ok,model,lightgbm:festival_selflag_d1sd_d7_resid_masked-stack_train2024-2025
2026-09-20,7호선,2711,2712,하선,20,1.899599133620557,ok,model,lightgbm:festival_selflag_d1sd_d7_resid_masked-stack_train2024-2025
2026-09-20,8호선,2811,2810,상선,0,0.0,ok,model,lightgbm:festival_selflag_d1sd_d7_resid_masked-stack_train2024-2025
2026-09-20,8호선,2811,2810,상선,1,0.0,ok,model,lightgbm:festival_selflag_d1sd_d7_resid_masked-stack_train2024-2025
2026-09-20,8호선,2811,2810,상선,11,2.914251251609594,ok,model,lightgbm:festival_selflag_d1sd_d7_resid_masked-stack_train2024-2025
2026-09-20,8호선,2811,2810,상선,12,4.121454682428577,ok,model,lightgbm:festival_selflag_d1sd_d7_resid_masked-stack_train2024-2025
2026-09-20,8호선,2811,2810,상선,13,4.68993119034976,ok,model,lightgbm:festival_selflag_d1sd_d7_resid_masked-stack_train2024-2025
2026-09-20,8호선,2811,2810,상선,14,5.024849510051927,ok,model,lightgbm:festival_selflag_d1sd_d7_resid_masked-stack_train2024-2025
2026-09-20,8호선,2811,2810,상선,15,5.742685154345059,ok,model,lightgbm:festival_selflag_d1sd_d7_resid_masked-stack_train2024-2025
2026-09-20,8호선,2811,2810,상선,16,8.181372225566726,ok,model,lightgbm:festival_selflag_d1sd_d7_resid_masked-stack_train2024-2025
2026-09-20,8호선,2811,2810,상선,17,10.665003079756625,ok,model,lightgbm:festival_selflag_d1sd_d7_resid_masked-stack_train2024-2025
2026-09-20,8호선,2811,2810,상선,18,12.385398753550032,ok,model,lightgbm:festival_selflag_d1sd_d7_resid_masked-stack_train2024-2025
2026-09-20,8호선,2811,2810,상선,19,14.571057357117684,ok,model,lightgbm:festival_selflag_d1sd_d7_resid_masked-stack_train2024-2025
2026-09-20,8호선,2811,2810,상선,20,15.07414533799138,ok,model,lightgbm:festival_selflag_d1sd_d7_resid_masked-stack_train2024-2025
2026-09-20,8호선,2810,2811,하선,0,0.0,ok,lookup_negative,lightgbm:festival_selflag_d1sd_d7_resid_masked-stack_train2024-2025
2026-09-20,8호선,2810,2811,하선,1,0.0,ok,lookup_negative,lightgbm:festival_selflag_d1sd_d7_resid_masked-stack_train2024-2025
2026-09-20,8호선,2810,2811,하선,11,13.356767700219304,ok,model,lightgbm:festival_selflag_d1sd_d7_resid_masked-stack_train2024-2025
2026-09-20,8호선,2810,2811,하선,12,13.60188840807963,ok,model,lightgbm:festival_selflag_d1sd_d7_resid_masked-stack_train2024-2025
2026-09-20,8호선,2810,2811,하선,13,11.759966019485516,ok,model,lightgbm:festival_selflag_d1sd_d7_resid_masked-stack_train2024-2025
2026-09-20,8호선,2810,2811,하선,14,13.34956711624246,ok,model,lightgbm:festival_selflag_d1sd_d7_resid_masked-stack_train2024-2025
2026-09-20,8호선,2810,2811,하선,15,15.337800516533894,ok,model,lightgbm:festival_selflag_d1sd_d7_resid_masked-stack_train2024-2025
2026-09-20,8호선,2810,2811,하선,16,23.63047366745108,ok,model,lightgbm:festival_selflag_d1sd_d7_resid_masked-stack_train2024-2025
2026-09-20,8호선,2810,2811,하선,17,27.90104119771333,ok,model,lightgbm:festival_selflag_d1sd_d7_resid_masked-stack_train2024-2025
2026-09-20,8호선,2810,2811,하선,18,32.31267953093099,ok,model,lightgbm:festival_selflag_d1sd_d7_resid_masked-stack_train2024-2025
2026-09-20,8호선,2810,2811,하선,19,33.59379898369918,ok,model,lightgbm:festival_selflag_d1sd_d7_resid_masked-stack_train2024-2025
2026-09-20,8호선,2810,2811,하선,20,37.565923339134486,ok,model,lightgbm:festival_selflag_d1sd_d7_resid_masked-stack_train2024-2025
2026-09-20,9호선,4126,4127,상선,0,,no_calibration,lookup_line9,lookup:line9_2025_2026
2026-09-20,9호선,4126,4127,상선,1,,no_calibration,lookup_line9,lookup:line9_2025_2026
2026-09-20,9호선,4126,4127,상선,11,1.0495124411566912,ok,lookup_line9,lookup:line9_2025_2026
2026-09-20,9호선,4126,4127,상선,12,4.431823579344945,ok,lookup_line9,lookup:line9_2025_2026
2026-09-20,9호선,4126,4127,상선,13,4.256350361482555,ok,lookup_line9,lookup:line9_2025_2026
2026-09-20,9호선,4126,4127,상선,14,3.437621139844339,ok,lookup_line9,lookup:line9_2025_2026
2026-09-20,9호선,4126,4127,상선,15,6.879712528245043,ok,lookup_line9,lookup:line9_2025_2026
2026-09-20,9호선,4126,4127,상선,16,13.457984158576709,ok,lookup_line9,lookup:line9_2025_2026
2026-09-20,9호선,4126,4127,상선,17,10.898517080303831,ok,lookup_line9,lookup:line9_2025_2026
2026-09-20,9호선,4126,4127,상선,18,17.311473740320956,ok,lookup_line9,lookup:line9_2025_2026
2026-09-20,9호선,4126,4127,상선,19,20.84647977219168,ok,lookup_line9,lookup:line9_2025_2026
2026-09-20,9호선,4126,4127,상선,20,17.861427740518725,ok,lookup_line9,lookup:line9_2025_2026
2026-09-20,9호선,4127,4126,하선,0,,no_calibration,lookup_line9,lookup:line9_2025_2026
2026-09-20,9호선,4127,4126,하선,1,,no_calibration,lookup_line9,lookup:line9_2025_2026
2026-09-20,9호선,4127,4126,하선,11,13.319222429330331,ok,lookup_line9,lookup:line9_2025_2026
2026-09-20,9호선,4127,4126,하선,12,14.298969362546678,ok,lookup_line9,lookup:line9_2025_2026
2026-09-20,9호선,4127,4126,하선,13,5.876404272225846,ok,lookup_line9,lookup:line9_2025_2026
2026-09-20,9호선,4127,4126,하선,14,4.633023103356132,ok,lookup_line9,lookup:line9_2025_2026
2026-09-20,9호선,4127,4126,하선,15,7.607031688092024,ok,lookup_line9,lookup:line9_2025_2026
2026-09-20,9호선,4127,4126,하선,16,13.689117182441448,ok,lookup_line9,lookup:line9_2025_2026
2026-09-20,9호선,4127,4126,하선,17,15.91535132827442,ok,lookup_line9,lookup:line9_2025_2026
2026-09-20,9호선,4127,4126,하선,18,18.48580119809392,ok,lookup_line9,lookup:line9_2025_2026
2026-09-20,9호선,4127,4126,하선,19,17.816739497556625,ok,lookup_line9,lookup:line9_2025_2026
2026-09-20,9호선,4127,4126,하선,20,17.957033279407426,ok,lookup_line9,lookup:line9_2025_2026
